/*
 * ZZ-MPEG ARM/Core1 binary blob.
 *
 * Contains code derived from PL_MPEG by Dominic Szablewski.
 * PL_MPEG is licensed under the MIT License.
 *
 * See THIRD_PARTY_LICENSES.txt.
 */

/* mpeg_core1_blob_stream_diag15_stopack
 * diag11 + boucle STOP active apres STATUS_DONE
 * Repond 0xFF a MPEG_CMD_STOP/SH_STOP apres EOF
 * Verifie STOP avant chaque write framebuffer */
static const UBYTE embedded_blob_stream_diag15[] = {
    0x34,0xD0,0x9F,0xE5,0x0F,0x02,0xE0,0xE3,0x50,0x0F,0x01,0xEE,0x6F,0xF0,0x7F,0xF5,
    0x01,0x01,0xA0,0xE3,0x10,0x0A,0xE8,0xEE,0x00,0x00,0xA0,0xE3,0x1C,0x10,0x9F,0xE5,
    0x1C,0x20,0x9F,0xE5,0x02,0x00,0x51,0xE1,0x04,0x00,0x81,0xB4,0xFC,0xFF,0xFF,0xBA,
    0x9A,0x1A,0x00,0xEB,0x02,0xF0,0x20,0xE3,0xFD,0xFF,0xFF,0xEA,0x00,0xFF,0x6E,0x04,
    0xEC,0x8B,0x50,0x04,0xF8,0x0B,0x51,0x04,0x00,0x00,0x51,0xE3,0x16,0x00,0x00,0x0A,
    0xF0,0x40,0x2D,0xE9,0x00,0x50,0xA0,0xE1,0x2C,0x70,0x90,0xE5,0xFF,0x60,0xA0,0xE3,
    0x00,0xE0,0x90,0xE5,0x00,0x00,0xA0,0xE3,0x07,0x30,0x0E,0xE2,0xAE,0xC1,0xD7,0xE7,
    0x08,0x30,0x63,0xE2,0x01,0x00,0x53,0xE1,0x03,0x20,0xA0,0xB1,0x01,0x20,0xA0,0xA1,
    0x08,0x40,0x62,0xE2,0x02,0x30,0x43,0xE0,0x56,0x44,0xA0,0xE1,0x02,0x10,0x51,0xE0,
    0x02,0xE0,0x8E,0xE0,0x14,0xC3,0x0C,0xE0,0x00,0xE0,0x85,0xE5,0x5C,0x33,0xA0,0xE1,
    0x10,0x02,0x83,0xE1,0xEF,0xFF,0xFF,0x1A,0xF0,0x80,0xBD,0xE8,0x01,0x00,0xA0,0xE1,
    0x1E,0xFF,0x2F,0xE1,0x00,0x00,0x52,0xE3,0x1E,0xFF,0x2F,0x01,0x71,0x10,0xEF,0xE6,
    0x02,0x20,0x80,0xE0,0x00,0x30,0xA0,0xE1,0x01,0x10,0xC3,0xE4,0x03,0x00,0x52,0xE1,
    0xFC,0xFF,0xFF,0x1A,0x1E,0xFF,0x2F,0xE1,0x00,0x00,0x52,0xE3,0x1E,0xFF,0x2F,0x01,
    0x01,0x30,0x40,0xE2,0x02,0x20,0x81,0xE0,0x01,0xC0,0xD1,0xE4,0x02,0x00,0x51,0xE1,
    0x01,0xC0,0xE3,0xE5,0xFB,0xFF,0xFF,0x1A,0x1E,0xFF,0x2F,0xE1,0x01,0x00,0x50,0xE1,
    0x08,0x00,0x00,0x2A,0x00,0x00,0x52,0xE3,0x1E,0xFF,0x2F,0x01,0x01,0x30,0x40,0xE2,
    0x02,0x20,0x81,0xE0,0x01,0xC0,0xD1,0xE4,0x02,0x00,0x51,0xE1,0x01,0xC0,0xE3,0xE5,
    0xFB,0xFF,0xFF,0x1A,0x1E,0xFF,0x2F,0xE1,0x00,0x00,0x52,0xE3,0x02,0x30,0x80,0xE0,
    0x02,0x20,0x81,0xE0,0x1E,0xFF,0x2F,0x01,0x01,0xC0,0x72,0xE5,0x02,0x00,0x51,0xE1,
    0x01,0xC0,0x63,0xE5,0xFB,0xFF,0xFF,0x1A,0x1E,0xFF,0x2F,0xE1,0x1E,0xFF,0x2F,0xE1,
    0x2C,0x00,0x90,0xE5,0x1E,0xFF,0x2F,0xE1,0x1C,0x00,0x90,0xE5,0x1E,0xFF,0x2F,0xE1,
    0x0E,0x0B,0x90,0xED,0x1E,0xFF,0x2F,0xE1,0x0E,0x0B,0x80,0xED,0x1E,0xFF,0x2F,0xE1,
    0x02,0x0B,0x90,0xED,0x1E,0xFF,0x2F,0xE1,0x14,0x00,0x90,0xE5,0x1E,0xFF,0x2F,0xE1,
    0x14,0x10,0x80,0xE5,0x1E,0xFF,0x2F,0xE1,0x10,0x00,0x90,0xE5,0x1E,0xFF,0x2F,0xE1,
    0x48,0x10,0x80,0xE5,0x4C,0x20,0x80,0xE5,0x1E,0xFF,0x2F,0xE1,0x50,0x10,0x80,0xE5,
    0x54,0x20,0x80,0xE5,0x1E,0xFF,0x2F,0xE1,0xE8,0x3B,0x08,0xE3,0x10,0x40,0x2D,0xE9,
    0x50,0x34,0x40,0xE3,0x90,0x1B,0x80,0xEE,0x00,0xC0,0x93,0xE5,0x40,0xE0,0x8C,0xE2,
    0x05,0x04,0x5E,0xE3,0x00,0xC0,0xA0,0x83,0x00,0xE0,0x83,0x95,0x34,0x40,0x8C,0xE2,
    0x0C,0x30,0xA0,0xE1,0x00,0xE0,0xA0,0xE3,0x01,0xE0,0xC3,0xE4,0x03,0x00,0x54,0xE1,
    0xFC,0xFF,0xFF,0x1A,0x04,0x30,0x8C,0xE2,0x8F,0x07,0x43,0xF4,0x01,0x30,0xA0,0xE3,
    0x2C,0x00,0x8C,0xE5,0x0C,0x00,0xA0,0xE1,0x0C,0x10,0x8C,0xE5,0x18,0x20,0x8C,0xE5,
    0x30,0x30,0xCC,0xE5,0x10,0xE0,0x8C,0xE5,0x10,0x80,0xBD,0xE8,0x10,0x40,0x2D,0xE9,
    0xE8,0xEB,0x08,0xE3,0x50,0xE4,0x40,0xE3,0x00,0x20,0xA0,0xE1,0x00,0x10,0xA0,0xE3,
    0x00,0x00,0x9E,0xE5,0x40,0x40,0x80,0xE2,0x05,0x04,0x54,0xE3,0x00,0x40,0xA0,0x81,
    0x00,0x00,0xA0,0x83,0x34,0xC0,0x80,0xE2,0x00,0x30,0xA0,0xE1,0x00,0x40,0x8E,0x95,
    0x01,0x10,0xC3,0xE4,0x0C,0x00,0x53,0xE1,0xFC,0xFF,0xFF,0x1A,0x07,0x30,0x82,0xE2,
    0x01,0x10,0xA0,0xE3,0x07,0x30,0xC3,0xE3,0x04,0x20,0x80,0xE5,0x08,0x30,0x83,0xE2,
    0x02,0x20,0xA0,0xE3,0x03,0x30,0x84,0xE0,0x18,0x10,0x80,0xE5,0x05,0x04,0x53,0xE3,
    0x30,0x20,0xC0,0xE5,0x00,0x40,0xA0,0x83,0x00,0x30,0x8E,0x95,0x01,0x30,0xA0,0xE3,
    0x2C,0x40,0x80,0xE5,0x10,0x30,0x80,0xE5,0x10,0x80,0xBD,0xE8,0xF0,0x41,0x2D,0xE9,
    0x00,0x60,0xA0,0xE1,0x01,0x08,0xA0,0xE3,0x03,0x70,0xA0,0xE1,0x01,0x50,0xA0,0xE1,
    0x02,0x40,0xA0,0xE1,0xD8,0xFF,0xFF,0xEB,0x18,0x30,0x9D,0xE5,0x0C,0x70,0x80,0xE5,
    0x1C,0x60,0x80,0xE5,0x28,0x30,0x80,0xE5,0x00,0x30,0xA0,0xE3,0x20,0x50,0x80,0xE5,
    0x24,0x40,0x80,0xE5,0x30,0x30,0xC0,0xE5,0xF0,0x81,0xBD,0xE8,0x10,0x40,0x2D,0xE9,
    0xCD,0xFF,0xFF,0xEB,0x03,0x10,0xA0,0xE3,0x00,0x20,0xA0,0xE3,0x30,0x10,0xC0,0xE5,
    0x10,0x20,0x80,0xE5,0x10,0x80,0xBD,0xE8,0x1E,0xFF,0x2F,0xE1,0x30,0x10,0xD0,0xE5,
    0x08,0x30,0x90,0xE5,0x0C,0x20,0x90,0xE5,0x00,0x00,0x51,0xE3,0x03,0x00,0xA0,0x11,
    0x02,0x00,0xA0,0x01,0x1E,0xFF,0x2F,0xE1,0x00,0x30,0x90,0xE5,0x08,0x00,0x90,0xE5,
    0xA3,0x01,0x40,0xE0,0x1E,0xFF,0x2F,0xE1,0x08,0x30,0x90,0xE5,0x0C,0x30,0x80,0xE5,
    0x1E,0xFF,0x2F,0xE1,0x1C,0x10,0x80,0xE5,0x28,0x20,0x80,0xE5,0x1E,0xFF,0x2F,0xE1,
    0x20,0x30,0x90,0xE5,0x70,0x40,0x2D,0xE9,0x00,0x50,0xA0,0xE3,0x00,0x40,0xA0,0xE1,
    0x14,0x50,0x80,0xE5,0x05,0x00,0x53,0xE1,0x05,0x00,0x00,0x0A,0x28,0x20,0x90,0xE5,
    0x05,0x10,0xA0,0xE1,0x33,0xFF,0x2F,0xE1,0x00,0x50,0x84,0xE5,0x08,0x50,0x84,0xE5,
    0x70,0x80,0xBD,0xE8,0x30,0x20,0xD0,0xE5,0x02,0x00,0x52,0xE3,0x03,0x00,0x00,0x0A,
    0x08,0x20,0x90,0xE5,0x00,0x00,0x52,0xE3,0x00,0x30,0x80,0x15,0x70,0x80,0xBD,0xE8,
    0x10,0x00,0xC0,0xF2,0x08,0x30,0x84,0xE4,0x8F,0x07,0x44,0xF4,0x70,0x80,0xBD,0xE8,
    0x70,0x40,0x2D,0xE9,0x00,0x50,0xA0,0xE3,0x20,0x60,0x90,0xE5,0x00,0x40,0xA0,0xE1,
    0x14,0x50,0x80,0xE5,0x05,0x00,0x56,0xE1,0x04,0x00,0x00,0x0A,0x28,0x20,0x90,0xE5,
    0x36,0xFF,0x2F,0xE1,0x00,0x50,0x84,0xE5,0x08,0x50,0x84,0xE5,0x70,0x80,0xBD,0xE8,
    0x30,0x20,0xD0,0xE5,0x02,0x00,0x52,0xE3,0x04,0x00,0x00,0x0A,0x08,0x20,0x90,0xE5,
    0x02,0x00,0x51,0xE1,0x81,0x11,0xA0,0x31,0x00,0x10,0x80,0x35,0x70,0x80,0xBD,0xE8,
    0x00,0x00,0x51,0xE3,0x70,0x80,0xBD,0x18,0x10,0x00,0xC0,0xF2,0x08,0x10,0x84,0xE4,
    0x8F,0x07,0x44,0xF4,0x70,0x80,0xBD,0xE8,0x70,0x40,0x2D,0xE9,0x00,0x40,0xA0,0xE1,
    0x28,0x50,0x90,0xE5,0x00,0x00,0x55,0xE3,0x0A,0x00,0x00,0x0A,0x9C,0x00,0x95,0xE5,
    0x00,0x10,0xA0,0xE3,0xDD,0xFF,0xFF,0xEB,0x00,0x30,0xA0,0xE3,0x00,0x00,0xA0,0xE3,
    0x00,0x10,0xA0,0xE3,0x18,0x30,0x85,0xE5,0xD4,0x32,0x85,0xE5,0x00,0x30,0xE0,0xE3,
    0xF0,0x01,0xC5,0xE1,0x40,0x30,0x85,0xE5,0x44,0x50,0x94,0xE5,0x00,0x00,0x55,0xE3,
    0x08,0x00,0x00,0x0A,0x30,0x00,0x95,0xE5,0x00,0x10,0xA0,0xE3,0xCF,0xFF,0xFF,0xEB,
    0x00,0x30,0xA0,0xE3,0x00,0x00,0xA0,0xE3,0x00,0x10,0xA0,0xE3,0x08,0x30,0x85,0xE5,
    0x28,0x30,0x85,0xE5,0xF0,0x00,0xC5,0xE1,0x00,0x50,0x94,0xE5,0x00,0x10,0xA0,0xE3,
    0x00,0x00,0x95,0xE5,0xC5,0xFF,0xFF,0xEB,0x00,0x30,0xA0,0xE3,0x00,0x20,0xE0,0xE3,
    0x00,0x00,0xA0,0xE3,0x00,0x10,0xA0,0xE3,0x58,0x30,0x85,0xE5,0x70,0x30,0x85,0xE5,
    0x30,0x20,0x85,0xE5,0x10,0x30,0x84,0xE5,0xF8,0x00,0xC4,0xE1,0x70,0x80,0xBD,0xE8,
    0x14,0x20,0x90,0xE5,0x00,0x00,0x52,0xE3,0x02,0x00,0x00,0x1A,0x01,0x20,0xA0,0xE3,
    0x10,0x20,0x80,0xE5,0x1E,0xFF,0x2F,0xE1,0xCE,0xFF,0xFF,0xEA,0x24,0x30,0x90,0xE5,
    0x10,0x40,0x2D,0xE9,0x00,0x40,0xA0,0xE1,0x00,0x00,0x53,0xE3,0x06,0x00,0x00,0x0A,
    0x28,0x10,0x90,0xE5,0x33,0xFF,0x2F,0xE1,0x00,0x20,0x94,0xE5,0x08,0x30,0x94,0xE5,
    0xA2,0x31,0x63,0xE0,0x00,0x00,0x83,0xE0,0x10,0x80,0xBD,0xE8,0x00,0x00,0x90,0xE5,
    0xA0,0x01,0xA0,0xE1,0x10,0x80,0xBD,0xE8,0x10,0x40,0x2D,0xE9,0x00,0xE0,0x90,0xE5,
    0x08,0x30,0x90,0xE5,0xAE,0xC1,0xA0,0xE1,0x0C,0x00,0x53,0xE1,0x13,0x00,0x00,0x0A,
    0x00,0x00,0x5C,0xE3,0x10,0x80,0xBD,0x08,0x2C,0x20,0x90,0xE5,0x0C,0x10,0x82,0xE0,
    0x01,0x00,0x52,0xE1,0x11,0x00,0x00,0x2A,0x03,0x30,0x82,0xE0,0x01,0x20,0x42,0xE2,
    0x01,0x40,0xD1,0xE4,0x03,0x00,0x51,0xE1,0x01,0x40,0xE2,0xE5,0xFB,0xFF,0xFF,0x1A,
    0x00,0x20,0x90,0xE5,0x07,0xE0,0xCE,0xE3,0x08,0x30,0x90,0xE5,0x0E,0x20,0x42,0xE0,
    0x0C,0x30,0x43,0xE0,0x00,0x20,0x80,0xE5,0x08,0x30,0x80,0xE5,0x10,0x80,0xBD,0xE8,
    0x00,0x30,0xA0,0xE3,0x00,0x30,0x80,0xE5,0x08,0x30,0x80,0xE5,0x10,0x80,0xBD,0xE8,
    0x0C,0x40,0x43,0xE0,0x03,0x30,0x82,0xE0,0x04,0x20,0x82,0xE0,0x01,0x40,0x73,0xE5,
    0x03,0x00,0x51,0xE1,0x01,0x40,0x62,0xE5,0xFB,0xFF,0xFF,0x1A,0xEB,0xFF,0xFF,0xEA,
    0x30,0x30,0xD0,0xE5,0x01,0x00,0x53,0xE3,0x40,0x00,0x00,0x0A,0x10,0x30,0x90,0xE5,
    0x70,0x40,0x2D,0xE9,0x00,0x60,0xA0,0xE1,0x01,0x40,0xA0,0xE1,0x02,0x50,0xA0,0xE1,
    0x00,0x00,0x53,0xE3,0x33,0x00,0x00,0x1A,0x06,0x00,0x96,0xE9,0x2C,0x30,0x96,0xE5,
    0x02,0x00,0x41,0xE0,0x05,0x00,0x50,0xE1,0x0F,0x00,0x00,0x3A,0x00,0x00,0x55,0xE3,
    0x02,0x30,0x83,0xE0,0x06,0x00,0x00,0x0A,0x01,0x30,0x43,0xE2,0x05,0x20,0x84,0xE0,
    0x01,0x10,0xD4,0xE4,0x02,0x00,0x54,0xE1,0x01,0x10,0xE3,0xE5,0xFB,0xFF,0xFF,0x1A,
    0x08,0x20,0x96,0xE5,0x02,0x20,0x85,0xE0,0x00,0x30,0xA0,0xE3,0x05,0x00,0xA0,0xE1,
    0x08,0x20,0x86,0xE5,0x14,0x30,0x86,0xE5,0x70,0x80,0xBD,0xE8,0x81,0x10,0xA0,0xE1,
    0x02,0x00,0x41,0xE0,0x05,0x00,0x50,0xE1,0xFB,0xFF,0xFF,0x3A,0xE8,0xEB,0x08,0xE3,
    0x07,0x00,0x81,0xE2,0x50,0xE4,0x40,0xE3,0x07,0x00,0xC0,0xE3,0x00,0xC0,0x9E,0xE5,
    0x08,0x00,0x80,0xE2,0x00,0x00,0x8C,0xE0,0x05,0x04,0x50,0xE3,0x00,0xC0,0xA0,0x83,
    0x0C,0x00,0x00,0x8A,0x00,0x00,0x53,0xE3,0x00,0x00,0x5C,0x13,0x00,0x00,0x8E,0xE5,
    0x08,0x00,0x00,0x0A,0x00,0x00,0x51,0xE3,0x06,0x00,0x00,0x0A,0x01,0x20,0x4C,0xE2,
    0x01,0xE0,0x83,0xE0,0x01,0x00,0xD3,0xE4,0x03,0x00,0x5E,0xE1,0x01,0x00,0xE2,0xE5,
    0xFB,0xFF,0xFF,0x1A,0x08,0x20,0x96,0xE5,0x02,0x30,0x8C,0xE0,0x04,0x10,0x86,0xE5,
    0x2C,0xC0,0x86,0xE5,0xD3,0xFF,0xFF,0xEA,0x9A,0xFF,0xFF,0xEB,0x30,0x30,0xD0,0xE5,
    0x02,0x00,0x53,0xE3,0x00,0x30,0xA0,0x03,0x0C,0x30,0x80,0x05,0xC5,0xFF,0xFF,0xEA,
    0x00,0x00,0xA0,0xE3,0x1E,0xFF,0x2F,0xE1,0xF0,0x47,0x2D,0xE9,0x00,0x50,0xA0,0xE1,
    0x00,0x60,0x91,0xE5,0x08,0xE0,0x91,0xE5,0x28,0x20,0x96,0xE5,0x2C,0x00,0x96,0xE5,
    0x00,0x00,0x52,0xE1,0x02,0x20,0x8E,0x30,0x00,0x20,0x42,0xE0,0x00,0x00,0x52,0xE3,
    0x02,0x00,0x00,0x1A,0x08,0x30,0x95,0xE5,0x0C,0x30,0x85,0xE5,0xF0,0x87,0xBD,0xE8,
    0x02,0x09,0x52,0xE3,0x04,0xC0,0x91,0xE5,0x02,0x40,0xA0,0x31,0x02,0x49,0xA0,0x23,
    0x00,0x20,0x4E,0xE0,0x0C,0x70,0x81,0xE2,0x04,0x00,0x52,0xE1,0x00,0x30,0x8C,0xE0,
    0x0E,0x00,0x00,0x3A,0x0B,0x20,0x81,0xE2,0x04,0xE0,0x83,0xE0,0x01,0xC0,0xD3,0xE4,
    0x0E,0x00,0x53,0xE1,0x01,0xC0,0xE2,0xE5,0xFB,0xFF,0xFF,0x1A,0x08,0x10,0x91,0xE5,
    0x04,0x00,0x80,0xE0,0x62,0x1B,0x00,0xFA,0x04,0x20,0xA0,0xE1,0x2C,0x10,0x86,0xE5,
    0x05,0x00,0xA0,0xE1,0x07,0x10,0xA0,0xE1,0xF0,0x47,0xBD,0xE8,0x93,0xFF,0xFF,0xEA,
    0x00,0x00,0x52,0xE3,0x0B,0x80,0x81,0x12,0x0E,0xA0,0x8C,0x10,0x03,0x00,0x00,0x0A,
    0x01,0x90,0xD3,0xE4,0x03,0x00,0x5A,0xE1,0x01,0x90,0xE8,0xE5,0xFB,0xFF,0xFF,0x1A,
    0x0E,0xE0,0x40,0xE0,0x04,0xE0,0x9E,0xE0,0x01,0x30,0x42,0x12,0x0E,0xE0,0x8C,0x10,
    0x03,0x30,0x87,0x10,0xE8,0xFF,0xFF,0x0A,0x01,0x20,0xDC,0xE4,0x0E,0x00,0x5C,0xE1,
    0x01,0x20,0xE3,0xE5,0xFB,0xFF,0xFF,0x1A,0xE3,0xFF,0xFF,0xEA,0x14,0x00,0x90,0xE5,
    0x1E,0xFF,0x2F,0xE1,0x08,0x20,0x90,0xE5,0x00,0x30,0x90,0xE5,0x82,0x31,0x63,0xE0,
    0x01,0x00,0x53,0xE1,0x16,0x00,0x00,0x2A,0x1C,0x30,0x90,0xE5,0x70,0x40,0x2D,0xE9,
    0x00,0x40,0xA0,0xE1,0x00,0x00,0x53,0xE3,0x07,0x00,0x00,0x0A,0x01,0x50,0xA0,0xE1,
    0x28,0x10,0x90,0xE5,0x33,0xFF,0x2F,0xE1,0x08,0x20,0x94,0xE5,0x00,0x30,0x94,0xE5,
    0x82,0x31,0x63,0xE0,0x05,0x00,0x53,0xE1,0x07,0x00,0x00,0x2A,0x0C,0x30,0x94,0xE5,
    0x00,0x00,0x53,0xE3,0x02,0x00,0x00,0x0A,0x02,0x00,0x53,0xE1,0x01,0x30,0xA0,0x03,
    0x14,0x30,0x84,0x05,0x00,0x00,0xA0,0xE3,0x70,0x80,0xBD,0xE8,0x01,0x00,0xA0,0xE3,
    0x70,0x80,0xBD,0xE8,0x01,0x00,0xA0,0xE3,0x1E,0xFF,0x2F,0xE1,0x08,0x20,0x90,0xE5,
    0x00,0x30,0x90,0xE5,0x70,0x40,0x2D,0xE9,0x00,0x40,0xA0,0xE1,0x01,0x50,0xA0,0xE1,
    0x82,0x31,0x63,0xE0,0x03,0x00,0x51,0xE1,0x11,0x00,0x00,0x9A,0x1C,0x30,0x90,0xE5,
    0x00,0x00,0x53,0xE3,0x06,0x00,0x00,0x0A,0x28,0x10,0x90,0xE5,0x33,0xFF,0x2F,0xE1,
    0x08,0x20,0x94,0xE5,0x00,0x30,0x94,0xE5,0x82,0x31,0x63,0xE0,0x03,0x00,0x55,0xE1,
    0x07,0x00,0x00,0x9A,0x0C,0x30,0x94,0xE5,0x00,0x00,0x53,0xE3,0x02,0x00,0x00,0x0A,
    0x02,0x00,0x53,0xE1,0x01,0x30,0xA0,0x03,0x14,0x30,0x84,0x05,0x00,0x00,0xA0,0xE3,
    0x70,0x80,0xBD,0xE8,0x05,0x10,0xA0,0xE1,0x04,0x00,0xA0,0xE1,0x70,0x40,0xBD,0xE8,
    0xF0,0xFD,0xFF,0xEA,0x00,0x30,0x90,0xE5,0x07,0x30,0x83,0xE2,0x07,0x30,0xC3,0xE3,
    0x00,0x30,0x80,0xE5,0x1E,0xFF,0x2F,0xE1,0x00,0x30,0x90,0xE5,0x08,0x20,0x90,0xE5,
    0x70,0x40,0x2D,0xE9,0x01,0x50,0xA0,0xE1,0x00,0x40,0xA0,0xE1,0x82,0x11,0x63,0xE0,
    0x01,0x00,0x55,0xE1,0x10,0x00,0x00,0x9A,0x1C,0x30,0x90,0xE5,0x00,0x00,0x53,0xE3,
    0x06,0x00,0x00,0x0A,0x28,0x10,0x90,0xE5,0x33,0xFF,0x2F,0xE1,0x00,0x30,0x94,0xE5,
    0x08,0x20,0x94,0xE5,0x82,0x11,0x63,0xE0,0x01,0x00,0x55,0xE1,0x06,0x00,0x00,0x9A,
    0x0C,0x30,0x94,0xE5,0x00,0x00,0x53,0xE3,0x70,0x80,0xBD,0x08,0x02,0x00,0x53,0xE1,
    0x01,0x30,0xA0,0x03,0x14,0x30,0x84,0x05,0x70,0x80,0xBD,0xE8,0x03,0x50,0x85,0xE0,
    0x00,0x50,0x84,0xE5,0x70,0x80,0xBD,0xE8,0x00,0x30,0x90,0xE5,0x08,0xC0,0x90,0xE5,
    0x70,0x40,0x2D,0xE9,0x00,0x40,0xA0,0xE1,0x07,0x30,0x83,0xE2,0x01,0x60,0xA0,0xE1,
    0x00,0x50,0xA0,0xE3,0x07,0x30,0xC3,0xE3,0x8C,0x21,0x63,0xE0,0x04,0x00,0xA0,0xE1,
    0x00,0x30,0x84,0xE5,0x07,0x00,0x52,0xE3,0x11,0x00,0x00,0x8A,0x1C,0x30,0x94,0xE5,
    0x00,0x00,0x53,0xE3,0x06,0x00,0x00,0x0A,0x28,0x10,0x94,0xE5,0x33,0xFF,0x2F,0xE1,
    0x00,0x30,0x94,0xE5,0x08,0xC0,0x94,0xE5,0x8C,0x21,0x63,0xE0,0x07,0x00,0x52,0xE3,
    0x07,0x00,0x00,0x8A,0x0C,0x30,0x94,0xE5,0x00,0x00,0x53,0xE3,0x02,0x00,0x00,0x0A,
    0x0C,0x00,0x53,0xE1,0x01,0x30,0xA0,0x03,0x14,0x30,0x84,0x05,0x05,0x00,0xA0,0xE1,
    0x70,0x80,0xBD,0xE8,0x2C,0x20,0x94,0xE5,0xA3,0x21,0xD2,0xE7,0x08,0x30,0x83,0xE2,
    0x06,0x00,0x52,0xE1,0xF8,0xFF,0xFF,0x1A,0x01,0x50,0x85,0xE2,0xE1,0xFF,0xFF,0xEA,
    0x00,0x30,0x90,0xE5,0x08,0x10,0x90,0xE5,0x10,0x40,0x2D,0xE9,0x00,0x40,0xA0,0xE1,
    0x07,0x30,0x83,0xE2,0x07,0x30,0xC3,0xE3,0x81,0x21,0x63,0xE0,0x04,0x00,0xA0,0xE1,
    0x00,0x30,0x84,0xE5,0x27,0x00,0x52,0xE3,0x0E,0x00,0x00,0x8A,0x1C,0x30,0x94,0xE5,
    0x00,0x00,0x53,0xE3,0x06,0x00,0x00,0x0A,0x28,0x10,0x94,0xE5,0x33,0xFF,0x2F,0xE1,
    0x00,0x30,0x94,0xE5,0x08,0x10,0x94,0xE5,0x81,0x21,0x63,0xE0,0x27,0x00,0x52,0xE3,
    0x04,0x00,0x00,0x8A,0x0C,0x30,0x94,0xE5,0x00,0x00,0x53,0xE3,0x13,0x00,0x00,0x1A,
    0x00,0x00,0xE0,0xE3,0x10,0x80,0xBD,0xE8,0x2C,0x20,0x94,0xE5,0xA3,0x01,0xA0,0xE1,
    0x00,0xC0,0x82,0xE0,0xA3,0x21,0xD2,0xE7,0x08,0x30,0x83,0xE2,0x00,0x00,0x52,0xE3,
    0xE4,0xFF,0xFF,0x1A,0x01,0x20,0xDC,0xE5,0x00,0x00,0x52,0xE3,0xE1,0xFF,0xFF,0x1A,
    0x02,0x20,0xDC,0xE5,0x01,0x00,0x52,0xE3,0xDE,0xFF,0xFF,0x1A,0x04,0x30,0x80,0xE2,
    0x83,0x31,0xA0,0xE1,0x00,0x30,0x84,0xE5,0x03,0x00,0xDC,0xE5,0x10,0x80,0xBD,0xE8,
    0x01,0x00,0x53,0xE1,0xE9,0xFF,0xFF,0x1A,0x01,0x30,0xA0,0xE3,0x00,0x00,0xE0,0xE3,
    0x14,0x30,0x84,0xE5,0x10,0x80,0xBD,0xE8,0x70,0x40,0x2D,0xE9,0x00,0x50,0xA0,0xE1,
    0x01,0x40,0xA0,0xE1,0x05,0x00,0xA0,0xE1,0xC8,0xFF,0xFF,0xEB,0x01,0x00,0x70,0xE3,
    0x04,0x00,0x50,0x11,0xFA,0xFF,0xFF,0x1A,0x70,0x80,0xBD,0xE8,0xF0,0x41,0x2D,0xE9,
    0x00,0x40,0xA0,0xE1,0x00,0x70,0x90,0xE5,0x01,0x50,0xA0,0xE1,0x00,0x30,0xA0,0xE3,
    0x10,0x60,0x90,0xE5,0x10,0x30,0x80,0xE5,0x04,0x00,0xA0,0xE1,0xBB,0xFF,0xFF,0xEB,
    0x01,0x00,0x70,0xE3,0x00,0x00,0x55,0x11,0xFA,0xFF,0xFF,0x1A,0x00,0x70,0x84,0xE5,
    0x10,0x60,0x84,0xE5,0xF0,0x81,0xBD,0xE8,0x08,0x20,0x90,0xE5,0x00,0x30,0x90,0xE5,
    0x70,0x40,0x2D,0xE9,0x00,0x40,0xA0,0xE1,0x01,0x50,0xA0,0xE1,0x82,0x31,0x63,0xE0,
    0x03,0x00,0x51,0xE1,0x10,0x00,0x00,0x9A,0x1C,0x30,0x90,0xE5,0x00,0x00,0x53,0xE3,
    0x06,0x00,0x00,0x0A,0x28,0x10,0x90,0xE5,0x33,0xFF,0x2F,0xE1,0x08,0x20,0x94,0xE5,
    0x00,0x30,0x94,0xE5,0x82,0x31,0x63,0xE0,0x03,0x00,0x55,0xE1,0x06,0x00,0x00,0x9A,
    0x0C,0x30,0x94,0xE5,0x00,0x00,0x53,0xE3,0x01,0x00,0x00,0x0A,0x02,0x00,0x53,0xE1,
    0x0F,0x00,0x00,0x0A,0x00,0x00,0xA0,0xE3,0x70,0x80,0xBD,0xE8,0x05,0x10,0xA0,0xE1,
    0x04,0x00,0xA0,0xE1,0x16,0xFF,0xFF,0xEB,0x00,0x00,0x50,0xE3,0x04,0x00,0x00,0x0A,
    0x05,0x10,0xA0,0xE1,0x04,0x00,0xA0,0xE1,0x3E,0xFD,0xFF,0xEB,0x00,0x00,0x50,0xE2,
    0x01,0x00,0xA0,0x13,0x00,0x30,0x94,0xE5,0x05,0x30,0x43,0xE0,0x00,0x30,0x84,0xE5,
    0x70,0x80,0xBD,0xE8,0x01,0x30,0xA0,0xE3,0x14,0x30,0x84,0xE5,0xEC,0xFF,0xFF,0xEA,
    0xF0,0x41,0x2D,0xE9,0x00,0x50,0xA0,0xE1,0x01,0x70,0xA0,0xE1,0x00,0x60,0xA0,0xE3,
    0x14,0x00,0x00,0xEA,0x1C,0x20,0x95,0xE5,0x00,0x00,0x52,0xE3,0x05,0x00,0x00,0x0A,
    0x28,0x10,0x95,0xE5,0x32,0xFF,0x2F,0xE1,0x08,0x30,0x95,0xE5,0x00,0x20,0x95,0xE5,
    0x83,0x01,0x52,0xE1,0x11,0x00,0x00,0x1A,0x0C,0x20,0x95,0xE5,0x00,0x00,0x52,0xE3,
    0x02,0x00,0x00,0x0A,0x03,0x00,0x52,0xE1,0x01,0x30,0xA0,0x03,0x14,0x30,0x85,0x05,
    0x04,0x31,0xA0,0xE1,0xF3,0x60,0x97,0xE1,0x03,0x30,0x87,0xE0,0xF2,0x00,0xD3,0xE1,
    0x00,0x00,0x56,0xE3,0xF0,0x81,0xBD,0xD8,0x08,0x30,0x95,0xE5,0x05,0x00,0xA0,0xE1,
    0x00,0x20,0x95,0xE5,0x06,0x40,0xA0,0xE1,0x83,0x01,0x52,0xE1,0xE4,0xFF,0xFF,0x0A,
    0x01,0x10,0xA0,0xE3,0x05,0x00,0xA0,0xE1,0x12,0xFD,0xFF,0xEB,0x00,0x40,0x86,0xE0,
    0xEE,0xFF,0xFF,0xEA,0xF0,0x41,0x2D,0xE9,0x00,0x50,0xA0,0xE1,0x01,0x70,0xA0,0xE1,
    0x00,0x60,0xA0,0xE3,0x14,0x00,0x00,0xEA,0x1C,0x20,0x95,0xE5,0x00,0x00,0x52,0xE3,
    0x05,0x00,0x00,0x0A,0x28,0x10,0x95,0xE5,0x32,0xFF,0x2F,0xE1,0x08,0x30,0x95,0xE5,
    0x00,0x20,0x95,0xE5,0x83,0x01,0x52,0xE1,0x11,0x00,0x00,0x1A,0x0C,0x20,0x95,0xE5,
    0x00,0x00,0x52,0xE3,0x02,0x00,0x00,0x0A,0x03,0x00,0x52,0xE1,0x01,0x30,0xA0,0x03,
    0x14,0x30,0x85,0x05,0x04,0x31,0xA0,0xE1,0xF3,0x60,0x97,0xE1,0x03,0x30,0x87,0xE0,
    0xF2,0x00,0xD3,0xE1,0x00,0x00,0x56,0xE3,0x0A,0x00,0x00,0xDA,0x08,0x30,0x95,0xE5,
    0x05,0x00,0xA0,0xE1,0x00,0x20,0x95,0xE5,0x06,0x40,0xA0,0xE1,0x83,0x01,0x52,0xE1,
    0xE4,0xFF,0xFF,0x0A,0x01,0x10,0xA0,0xE3,0x05,0x00,0xA0,0xE1,0xED,0xFC,0xFF,0xEB,
    0x00,0x40,0x86,0xE0,0xEE,0xFF,0xFF,0xEA,0x70,0x00,0xFF,0xE6,0xF0,0x81,0xBD,0xE8,
    0x1E,0xFF,0x2F,0xE1,0xF0,0x43,0x2D,0xE9,0x00,0x90,0xA0,0xE1,0x00,0x40,0x90,0xE5,
    0x14,0xD0,0x4D,0xE2,0x01,0x60,0xA0,0xE1,0x24,0x30,0x94,0xE5,0x00,0x00,0x53,0xE3,
    0x4D,0x00,0x00,0x0A,0x28,0x10,0x94,0xE5,0x04,0x00,0xA0,0xE1,0x33,0xFF,0x2F,0xE1,
    0x00,0x30,0x94,0xE5,0x08,0x50,0x94,0xE5,0x00,0x40,0x99,0xE5,0xA3,0x51,0x65,0xE0,
    0x00,0x50,0x85,0xE0,0x00,0x70,0xA0,0xE3,0x01,0x80,0xA0,0xE3,0x00,0x70,0x8D,0xE5,
    0x04,0x70,0x8D,0xE5,0x08,0x70,0x8D,0xE5,0x0C,0x70,0x8D,0xE5,0x15,0x00,0x00,0xEA,
    0x10,0x20,0x8D,0xE2,0x03,0x00,0x53,0xE3,0x03,0x31,0x82,0xE0,0x10,0x80,0x03,0x95,
    0x01,0x00,0x00,0x9A,0x01,0x00,0x70,0xE3,0x19,0x00,0x00,0x0A,0x00,0x40,0x99,0xE5,
    0x24,0x30,0x94,0xE5,0x04,0x00,0xA0,0xE1,0x00,0x00,0x53,0xE3,0x11,0x00,0x00,0x0A,
    0x28,0x10,0x94,0xE5,0x33,0xFF,0x2F,0xE1,0x00,0x20,0x94,0xE5,0x08,0x30,0x94,0xE5,
    0x00,0x40,0x99,0xE5,0xA2,0x31,0x63,0xE0,0x00,0x30,0x83,0xE0,0x05,0x30,0x43,0xE0,
    0x06,0x00,0x53,0xE1,0x0B,0x00,0x00,0x2A,0x04,0x00,0xA0,0xE1,0x0F,0xFF,0xFF,0xEB,
    0xE0,0x00,0x50,0xE3,0xC0,0x30,0x40,0xE2,0x30,0x00,0x89,0xE5,0xE3,0xFF,0xFF,0x1A,
    0x01,0x70,0xA0,0xE3,0xE8,0xFF,0xFF,0xEA,0x00,0x30,0x94,0xE5,0xA3,0x31,0xA0,0xE1,
    0xF1,0xFF,0xFF,0xEA,0x00,0x40,0x99,0xE5,0x0D,0x30,0xA0,0xE1,0x10,0x10,0x8D,0xE2,
    0x00,0x20,0xA0,0xE3,0x44,0x70,0x89,0xE5,0x40,0x20,0x89,0xE5,0x04,0x20,0x93,0xE4,
    0x00,0x00,0x52,0xE3,0x40,0x20,0x99,0x15,0x01,0x20,0x82,0x12,0x40,0x20,0x89,0x15,
    0x01,0x00,0x53,0xE1,0xF8,0xFF,0xFF,0x1A,0x05,0x10,0xA0,0xE1,0x04,0x00,0xA0,0xE1,
    0x72,0xFD,0xFF,0xEB,0x44,0x10,0x99,0xE5,0x00,0x30,0xA0,0xE3,0x00,0x20,0xE0,0xE3,
    0x58,0x30,0x89,0xE5,0x70,0x30,0x89,0xE5,0x03,0x00,0x51,0xE1,0x30,0x20,0x89,0xE5,
    0x01,0x00,0xA0,0x13,0x02,0x00,0x00,0x1A,0x40,0x00,0x99,0xE5,0x03,0x00,0x50,0xE0,
    0x01,0x00,0xA0,0x13,0x14,0xD0,0x8D,0xE2,0xF0,0x83,0xBD,0xE8,0x00,0x50,0x94,0xE5,
    0xA5,0x51,0xA0,0xE1,0xB6,0xFF,0xFF,0xEA,0x70,0x40,0x2D,0xE9,0x00,0x60,0xA0,0xE3,
    0x00,0x50,0x90,0xE5,0x00,0x40,0xA0,0xE1,0x20,0x30,0x95,0xE5,0x14,0x60,0x85,0xE5,
    0x06,0x00,0x53,0xE1,0x0B,0x00,0x00,0x0A,0x28,0x20,0x95,0xE5,0x06,0x10,0xA0,0xE1,
    0x05,0x00,0xA0,0xE1,0x33,0xFF,0x2F,0xE1,0x00,0x60,0x85,0xE5,0x08,0x60,0x85,0xE5,
    0x00,0x30,0xA0,0xE3,0x00,0x20,0xE0,0xE3,0x58,0x30,0x84,0xE5,0x70,0x30,0x84,0xE5,
    0x30,0x20,0x84,0xE5,0x70,0x80,0xBD,0xE8,0x30,0x20,0xD5,0xE5,0x02,0x00,0x52,0xE3,
    0x03,0x00,0x00,0x0A,0x08,0x20,0x95,0xE5,0x00,0x00,0x52,0xE3,0x00,0x30,0x85,0x15,
    0xF2,0xFF,0xFF,0xEA,0x10,0x00,0xC0,0xF2,0x08,0x30,0x85,0xE4,0x8F,0x07,0x45,0xF4,
    0xEE,0xFF,0xFF,0xEA,0x00,0x30,0x90,0xE5,0x14,0x00,0x93,0xE5,0x1E,0xFF,0x2F,0xE1,
    0xF0,0x41,0x2D,0xE9,0x00,0x60,0xA0,0xE3,0x00,0x50,0x90,0xE5,0x00,0x40,0xA0,0xE1,
    0x20,0x70,0x95,0xE5,0x14,0x60,0x85,0xE5,0x06,0x00,0x57,0xE1,0x0A,0x00,0x00,0x0A,
    0x28,0x20,0x95,0xE5,0x05,0x00,0xA0,0xE1,0x37,0xFF,0x2F,0xE1,0x00,0x60,0x85,0xE5,
    0x08,0x60,0x85,0xE5,0x00,0x30,0xA0,0xE3,0x00,0x20,0xE0,0xE3,0x58,0x30,0x84,0xE5,
    0x70,0x30,0x84,0xE5,0x30,0x20,0x84,0xE5,0xF0,0x81,0xBD,0xE8,0x30,0x20,0xD5,0xE5,
    0x02,0x00,0x52,0xE3,0x04,0x00,0x00,0x0A,0x08,0x20,0x95,0xE5,0x02,0x00,0x51,0xE1,
    0x81,0x11,0xA0,0x31,0x00,0x10,0x85,0x35,0xF1,0xFF,0xFF,0xEA,0x00,0x00,0x51,0xE3,
    0xEF,0xFF,0xFF,0x1A,0x10,0x00,0xC0,0xF2,0x08,0x10,0x85,0xE4,0x8F,0x07,0x45,0xF4,
    0xEB,0xFF,0xFF,0xEA,0x70,0x40,0x2D,0xE9,0x03,0x10,0xA0,0xE3,0x00,0x60,0x90,0xE5,
    0x00,0x40,0xA0,0xE1,0x06,0x00,0xA0,0xE1,0x19,0xFE,0xFF,0xEB,0x00,0x50,0x50,0xE2,
    0x03,0x00,0x00,0x0A,0x03,0x10,0xA0,0xE3,0x06,0x00,0xA0,0xE1,0x41,0xFC,0xFF,0xEB,
    0x00,0x5F,0xA0,0xE1,0x00,0x60,0x94,0xE5,0x01,0x10,0xA0,0xE3,0x06,0x00,0xA0,0xE1,
    0x0F,0xFE,0xFF,0xEB,0x00,0x00,0x50,0xE3,0x0F,0x10,0xA0,0xE3,0x00,0x30,0x96,0x15,
    0x01,0x30,0x83,0x12,0x00,0x30,0x86,0x15,0x00,0x60,0x94,0xE5,0x06,0x00,0xA0,0xE1,
    0x07,0xFE,0xFF,0xEB,0x00,0x00,0x50,0xE3,0x03,0x00,0x00,0x0A,0x0F,0x10,0xA0,0xE3,
    0x06,0x00,0xA0,0xE1,0x2F,0xFC,0xFF,0xEB,0x80,0x57,0x85,0xE1,0x00,0x60,0x94,0xE5,
    0x01,0x10,0xA0,0xE3,0x06,0x00,0xA0,0xE1,0xFD,0xFD,0xFF,0xEB,0x00,0x00,0x50,0xE3,
    0x0F,0x10,0xA0,0xE3,0x00,0x30,0x96,0x15,0x01,0x30,0x83,0x12,0x00,0x30,0x86,0x15,
    0x00,0x60,0x94,0xE5,0x06,0x00,0xA0,0xE1,0xF5,0xFD,0xFF,0xEB,0x00,0x00,0x50,0xE3,
    0x03,0x00,0x00,0x0A,0x0F,0x10,0xA0,0xE3,0x06,0x00,0xA0,0xE1,0x1D,0xFC,0xFF,0xEB,
    0x00,0x50,0x85,0xE1,0x00,0x40,0x94,0xE5,0x01,0x10,0xA0,0xE3,0x04,0x00,0xA0,0xE1,
    0xEB,0xFD,0xFF,0xEB,0x90,0x5A,0x07,0xEE,0x00,0x00,0x50,0xE3,0x00,0x30,0x94,0x15,
    0xE7,0x0B,0xF8,0xEE,0x03,0x0B,0x9F,0xED,0x01,0x30,0x83,0x12,0x00,0x30,0x84,0x15,
    0x80,0x0B,0x80,0xEE,0x70,0x80,0xBD,0xE8,0x00,0x00,0x00,0x00,0x00,0xF9,0xF5,0x40,
    0x70,0x40,0x2D,0xE9,0x3C,0x60,0x90,0xE5,0x00,0x00,0x56,0xE3,0x30,0x00,0x00,0x1A,
    0x34,0x30,0x90,0xE5,0x00,0x40,0xA0,0xE1,0x00,0x00,0x53,0xE3,0x27,0x00,0x00,0x1A,
    0x30,0x30,0x90,0xE5,0x00,0x50,0x90,0xE5,0xBA,0x00,0x53,0xE3,0x07,0x00,0x00,0x0A,
    0x05,0x00,0xA0,0xE1,0x55,0xFE,0xFF,0xEB,0x01,0x00,0x70,0xE3,0xBA,0x00,0x50,0x13,
    0xFA,0xFF,0xFF,0x1A,0x01,0x00,0x70,0xE3,0x22,0x00,0x00,0x0A,0x00,0x50,0x94,0xE5,
    0xBA,0x30,0xA0,0xE3,0x40,0x10,0xA0,0xE3,0x05,0x00,0xA0,0xE1,0x30,0x30,0x84,0xE5,
    0xC7,0xFD,0xFF,0xEB,0x00,0x00,0x50,0xE3,0x1A,0x00,0x00,0x0A,0x00,0x30,0xE0,0xE3,
    0x00,0x00,0x94,0xE5,0x04,0x10,0xA0,0xE3,0x30,0x30,0x84,0xE5,0xDE,0xFD,0xFF,0xEB,
    0x02,0x00,0x50,0xE3,0x13,0x00,0x00,0x1A,0x04,0x00,0xA0,0xE1,0x9C,0xFF,0xFF,0xEB,
    0x00,0x00,0x94,0xE5,0x01,0x10,0xA0,0xE3,0x02,0x0B,0x84,0xED,0xF9,0xFD,0xFF,0xEB,
    0x00,0x00,0x94,0xE5,0x16,0x10,0xA0,0xE3,0xF6,0xFD,0xFF,0xEB,0x00,0x00,0x94,0xE5,
    0x01,0x10,0xA0,0xE3,0xF3,0xFD,0xFF,0xEB,0x01,0x30,0xA0,0xE3,0x34,0x30,0x84,0xE5,
    0x38,0x30,0x94,0xE5,0x00,0x00,0x53,0xE3,0x04,0x00,0x00,0x0A,0x01,0x30,0xA0,0xE3,
    0x3C,0x30,0x84,0xE5,0x01,0x60,0xA0,0xE3,0x06,0x00,0xA0,0xE1,0x70,0x80,0xBD,0xE8,
    0x30,0x30,0x94,0xE5,0x00,0x50,0x94,0xE5,0xBB,0x00,0x53,0xE3,0x07,0x00,0x00,0x0A,
    0x05,0x00,0xA0,0xE1,0x25,0xFE,0xFF,0xEB,0x01,0x00,0x70,0xE3,0xBB,0x00,0x50,0x13,
    0xFA,0xFF,0xFF,0x1A,0x01,0x00,0x70,0xE3,0xF2,0xFF,0xFF,0x0A,0x00,0x50,0x94,0xE5,
    0xBB,0x30,0xA0,0xE3,0x38,0x10,0xA0,0xE3,0x05,0x00,0xA0,0xE1,0x30,0x30,0x84,0xE5,
    0x97,0xFD,0xFF,0xEB,0x00,0x00,0x50,0xE3,0xEA,0xFF,0xFF,0x0A,0x00,0x30,0xE0,0xE3,
    0x00,0x00,0x94,0xE5,0x30,0x30,0x84,0xE5,0x10,0x10,0xA0,0xE3,0xD1,0xFD,0xFF,0xEB,
    0x00,0x00,0x94,0xE5,0x18,0x10,0xA0,0xE3,0xCE,0xFD,0xFF,0xEB,0x06,0x10,0xA0,0xE3,
    0x00,0x00,0x94,0xE5,0xA8,0xFD,0xFF,0xEB,0x00,0x30,0xA0,0xE1,0x05,0x10,0xA0,0xE3,
    0x40,0x30,0x84,0xE5,0x00,0x00,0x94,0xE5,0xC6,0xFD,0xFF,0xEB,0x00,0x00,0x94,0xE5,
    0x05,0x10,0xA0,0xE3,0xA0,0xFD,0xFF,0xEB,0x01,0x30,0xA0,0xE3,0x44,0x00,0x84,0xE5,
    0x38,0x30,0x84,0xE5,0xD0,0xFF,0xFF,0xEA,0xE8,0x3B,0x08,0xE3,0x10,0x40,0x2D,0xE9,
    0x50,0x34,0x40,0xE3,0x10,0x00,0xC0,0xF2,0x00,0x40,0x93,0xE5,0x80,0x20,0x84,0xE2,
    0x05,0x04,0x52,0xE3,0x00,0x40,0xA0,0x83,0x00,0x20,0x83,0x95,0x04,0x30,0xA0,0xE1,
    0x78,0x20,0x84,0xE2,0x0D,0x07,0x43,0xF4,0x03,0x00,0x52,0xE1,0xFC,0xFF,0xFF,0x1A,
    0x00,0x30,0xA0,0xE3,0x00,0x20,0xA0,0xE3,0xF0,0x3F,0x4B,0xE3,0x00,0xC0,0xE0,0xE3,
    0x00,0x00,0x84,0xE5,0x04,0x00,0xA0,0xE1,0x04,0x10,0x84,0xE5,0xF0,0x22,0xC4,0xE1,
    0xF8,0x22,0xC4,0xE1,0x30,0xC0,0x84,0xE5,0x84,0xFF,0xFF,0xEB,0x04,0x00,0xA0,0xE1,
    0x10,0x80,0xBD,0xE8,0x10,0x40,0x2D,0xE9,0x00,0x40,0xA0,0xE1,0x7F,0xFF,0xFF,0xEB,
    0x00,0x00,0x50,0xE3,0x44,0x00,0x94,0x15,0x10,0x80,0xBD,0xE8,0x10,0x40,0x2D,0xE9,
    0x00,0x40,0x90,0xE5,0x04,0x00,0xA0,0xE1,0x78,0xFF,0xFF,0xEB,0x00,0x00,0x50,0xE3,
    0x44,0x00,0x94,0x15,0x10,0x80,0xBD,0xE8,0x10,0x40,0x2D,0xE9,0x00,0x40,0xA0,0xE1,
    0x72,0xFF,0xFF,0xEB,0x00,0x00,0x50,0xE3,0x40,0x00,0x94,0x15,0x10,0x80,0xBD,0xE8,
    0x10,0x40,0x2D,0xE9,0x00,0x40,0x90,0xE5,0x04,0x00,0xA0,0xE1,0x6B,0xFF,0xFF,0xEB,
    0x00,0x00,0x50,0xE3,0x40,0x00,0x94,0x15,0x10,0x80,0xBD,0xE8,0x70,0x40,0x2D,0xE9,
    0x00,0x40,0xA0,0xE1,0x00,0x50,0x90,0xE5,0x70,0x10,0x90,0xE5,0x00,0x20,0x95,0xE5,
    0x08,0x30,0x95,0xE5,0x81,0x61,0xA0,0xE1,0x83,0x01,0x62,0xE0,0x00,0x00,0x56,0xE1,
    0x14,0x00,0x00,0x9A,0x1C,0x20,0x95,0xE5,0x00,0x00,0x52,0xE3,0x07,0x00,0x00,0x0A,
    0x28,0x10,0x95,0xE5,0x05,0x00,0xA0,0xE1,0x32,0xFF,0x2F,0xE1,0x08,0x30,0x95,0xE5,
    0x00,0x20,0x95,0xE5,0x83,0x21,0x62,0xE0,0x02,0x00,0x56,0xE1,0x06,0x00,0x00,0x9A,
    0x0C,0x20,0x95,0xE5,0x00,0x00,0x52,0xE3,0x01,0x00,0x00,0x0A,0x03,0x00,0x52,0xE1,
    0x10,0x00,0x00,0x0A,0x00,0x00,0xA0,0xE3,0x70,0x80,0xBD,0xE8,0x00,0x50,0x94,0xE5,
    0x70,0x10,0x94,0xE5,0x00,0x20,0x95,0xE5,0x60,0x00,0x94,0xE5,0x2C,0x30,0x95,0xE5,
    0x58,0x10,0x84,0xE5,0x48,0x00,0x84,0xE5,0xD8,0x06,0xC4,0xE1,0xA2,0x31,0x83,0xE0,
    0x00,0x20,0xA0,0xE3,0x5C,0x30,0x84,0xE5,0xF0,0x05,0xC4,0xE1,0x48,0x00,0x84,0xE2,
    0x70,0x20,0x84,0xE5,0x70,0x80,0xBD,0xE8,0x01,0x30,0xA0,0xE3,0x14,0x30,0x85,0xE5,
    0xEB,0xFF,0xFF,0xEA,0x70,0x40,0x2D,0xE9,0x01,0x40,0xA0,0xE1,0x00,0x50,0xA0,0xE1,
    0x80,0x10,0xA0,0xE3,0x00,0x00,0x90,0xE5,0x15,0xFD,0xFF,0xEB,0x00,0x00,0x50,0xE3,
    0x4B,0x00,0x00,0x0A,0x00,0x30,0xE0,0xE3,0x10,0x10,0xA0,0xE3,0x30,0x30,0x85,0xE5,
    0x00,0x60,0xA0,0xE3,0x60,0x40,0x85,0xE5,0x00,0x00,0x95,0xE5,0x2A,0xFD,0xFF,0xEB,
    0x00,0x40,0x95,0xE5,0x70,0x00,0x85,0xE5,0x00,0x30,0x94,0xE5,0x08,0x10,0x94,0xE5,
    0x07,0x30,0x83,0xE2,0x07,0x30,0xC3,0xE3,0x81,0x21,0x63,0xE0,0x04,0x00,0xA0,0xE1,
    0x00,0x30,0x84,0xE5,0x07,0x00,0x52,0xE3,0x32,0x00,0x00,0x8A,0x1C,0x30,0x94,0xE5,
    0x00,0x00,0x53,0xE3,0x06,0x00,0x00,0x0A,0x28,0x10,0x94,0xE5,0x33,0xFF,0x2F,0xE1,
    0x00,0x30,0x94,0xE5,0x08,0x10,0x94,0xE5,0x81,0x21,0x63,0xE0,0x07,0x00,0x52,0xE3,
    0x28,0x00,0x00,0x8A,0x0C,0x30,0x94,0xE5,0x00,0x00,0x53,0xE3,0x02,0x00,0x00,0x0A,
    0x01,0x00,0x53,0xE1,0x01,0x30,0xA0,0x03,0x14,0x30,0x84,0x05,0x70,0x30,0x95,0xE5,
    0x02,0x10,0xA0,0xE3,0x00,0x00,0x95,0xE5,0x06,0x30,0x43,0xE0,0x70,0x30,0x85,0xE5,
    0x09,0xFD,0xFF,0xEB,0x01,0x00,0x50,0xE3,0x2D,0x00,0x00,0x0A,0x00,0x00,0x95,0xE5,
    0x02,0x10,0xA0,0xE3,0x04,0xFD,0xFF,0xEB,0x03,0x00,0x50,0xE3,0x2F,0x00,0x00,0x0A,
    0x02,0x00,0x50,0xE3,0x1C,0x00,0x00,0x0A,0x00,0x00,0x50,0xE3,0x18,0x00,0x00,0x1A,
    0x00,0x40,0x95,0xE5,0x00,0x30,0xA0,0xE3,0xF0,0x3F,0x4B,0xE3,0x00,0x20,0xA0,0xE3,
    0xF8,0x26,0xC5,0xE1,0x04,0x10,0xA0,0xE3,0x04,0x00,0xA0,0xE1,0xD8,0xFC,0xFF,0xEB,
    0x00,0x00,0x50,0xE3,0x05,0x00,0xA0,0xE1,0x00,0x30,0x94,0x15,0x04,0x30,0x83,0x12,
    0x00,0x30,0x84,0x15,0x70,0x30,0x95,0xE5,0x01,0x30,0x43,0xE2,0x70,0x30,0x85,0xE5,
    0x70,0x40,0xBD,0xE8,0x84,0xFF,0xFF,0xEA,0x2C,0x20,0x94,0xE5,0xA3,0x21,0xD2,0xE7,
    0x08,0x30,0x83,0xE2,0xFF,0x00,0x52,0xE3,0xD7,0xFF,0xFF,0x1A,0x01,0x60,0x86,0xE2,
    0xC0,0xFF,0xFF,0xEA,0x00,0x00,0xA0,0xE3,0x70,0x80,0xBD,0xE8,0x05,0x00,0xA0,0xE1,
    0xA3,0xFE,0xFF,0xEB,0x70,0x30,0x95,0xE5,0x05,0x00,0xA0,0xE1,0x1A,0x0B,0x85,0xED,
    0x06,0x0B,0x85,0xED,0x05,0x30,0x43,0xE2,0x70,0x30,0x85,0xE5,0x70,0x40,0xBD,0xE8,
    0x71,0xFF,0xFF,0xEA,0x00,0x00,0x95,0xE5,0x10,0x10,0xA0,0xE3,0xF9,0xFC,0xFF,0xEB,
    0x70,0x30,0x95,0xE5,0x02,0x30,0x43,0xE2,0x70,0x30,0x85,0xE5,0xCA,0xFF,0xFF,0xEA,
    0x05,0x00,0xA0,0xE1,0x92,0xFE,0xFF,0xEB,0x00,0x00,0x95,0xE5,0x28,0x10,0xA0,0xE3,
    0x1A,0x0B,0x85,0xED,0x06,0x0B,0x85,0xED,0xEE,0xFC,0xFF,0xEB,0x70,0x30,0x95,0xE5,
    0x05,0x00,0xA0,0xE1,0x0A,0x30,0x43,0xE2,0x70,0x30,0x85,0xE5,0x70,0x40,0xBD,0xE8,
    0x5D,0xFF,0xFF,0xEA,0x70,0x40,0x2D,0xE9,0x00,0x40,0xA0,0xE1,0xC3,0xFE,0xFF,0xEB,
    0x00,0x00,0x50,0xE3,0x20,0x00,0x00,0x0A,0x58,0x10,0x94,0xE5,0x00,0x00,0x51,0xE3,
    0x17,0x00,0x00,0x1A,0x70,0x30,0x94,0xE5,0x00,0x00,0x53,0xE3,0x29,0x00,0x00,0x1A,
    0x30,0x10,0x94,0xE5,0x01,0x00,0x71,0xE3,0x06,0x00,0x00,0x0A,0x04,0x00,0xA0,0xE1,
    0x70,0x40,0xBD,0xE8,0x7A,0xFF,0xFF,0xEA,0x03,0x00,0x53,0xE3,0x08,0x00,0x00,0x9A,
    0x01,0x00,0x70,0xE3,0x10,0x00,0x00,0x0A,0x00,0x00,0x94,0xE5,0x13,0xFD,0xFF,0xEB,
    0xBD,0x00,0x50,0xE3,0xE0,0x00,0x50,0x13,0xC0,0x30,0x40,0xE2,0x30,0x00,0x84,0xE5,
    0xF4,0xFF,0xFF,0x1A,0x00,0x10,0xA0,0xE1,0x04,0x00,0xA0,0xE1,0x70,0x40,0xBD,0xE8,
    0x6B,0xFF,0xFF,0xEA,0x81,0x51,0xA0,0xE1,0x00,0x00,0x94,0xE5,0x05,0x10,0xA0,0xE1,
    0x83,0xFC,0xFF,0xEB,0x00,0x00,0x50,0xE3,0x01,0x00,0x00,0x1A,0x00,0x00,0xA0,0xE3,
    0x70,0x80,0xBD,0xE8,0x00,0x60,0x94,0xE5,0x05,0x10,0xA0,0xE1,0x06,0x00,0xA0,0xE1,
    0x7B,0xFC,0xFF,0xEB,0x00,0x00,0x50,0xE3,0x00,0x30,0x96,0x15,0x05,0x30,0x83,0x10,
    0x00,0x30,0x86,0x15,0x00,0x30,0xA0,0xE3,0x58,0x30,0x84,0xE5,0x70,0x30,0x94,0xE5,
    0x00,0x00,0x53,0xE3,0xD5,0xFF,0xFF,0x0A,0x04,0x00,0xA0,0xE1,0x70,0x40,0xBD,0xE8,
    0x25,0xFF,0xFF,0xEA,0x70,0x40,0x2D,0xE9,0x00,0x50,0xA0,0xE1,0x01,0x60,0xA0,0xE1,
    0x04,0x00,0x00,0xEA,0x34,0x20,0x95,0xE5,0x02,0x00,0x53,0xE1,0x11,0x00,0x00,0x0A,
    0x03,0x00,0x56,0xE1,0x70,0x80,0xBD,0x08,0x00,0x00,0x95,0xE5,0xBC,0xFF,0xFF,0xEB,
    0x00,0x40,0x50,0xE2,0x13,0x00,0x00,0x0A,0x00,0x30,0x94,0xE5,0x20,0x20,0x95,0xE5,
    0x02,0x00,0x53,0xE1,0xF2,0xFF,0xFF,0x1A,0x10,0x20,0x94,0xE5,0x14,0x10,0x94,0xE5,
    0x24,0x00,0x95,0xE5,0xD9,0xFB,0xFF,0xEB,0x00,0x30,0x94,0xE5,0x03,0x00,0x56,0xE1,
    0xF0,0xFF,0xFF,0x1A,0x70,0x80,0xBD,0xE8,0x10,0x20,0x94,0xE5,0x14,0x10,0x94,0xE5,
    0x40,0x00,0x95,0xE5,0xD1,0xFB,0xFF,0xEB,0x00,0x30,0x94,0xE5,0x03,0x00,0x56,0xE1,
    0xE8,0xFF,0xFF,0x1A,0x70,0x80,0xBD,0xE8,0x00,0x30,0x95,0xE5,0x00,0x30,0x93,0xE5,
    0x14,0x30,0x93,0xE5,0x00,0x00,0x53,0xE3,0x70,0x80,0xBD,0x08,0x24,0x30,0x95,0xE5,
    0x00,0x00,0x53,0xE3,0x08,0x20,0x93,0x15,0x0C,0x20,0x83,0x15,0x40,0x30,0x95,0xE5,
    0x00,0x00,0x53,0xE3,0x08,0x20,0x93,0x15,0x0C,0x20,0x83,0x15,0x70,0x80,0xBD,0xE8,
    0x01,0x00,0xA0,0xE1,0x20,0x10,0x91,0xE5,0xCD,0xFF,0xFF,0xEA,0x01,0x00,0xA0,0xE1,
    0x34,0x10,0x91,0xE5,0xCA,0xFF,0xFF,0xEA,0xF0,0x41,0x2D,0xE9,0x00,0x40,0xA0,0xE1,
    0x00,0x60,0x90,0xE5,0x01,0x50,0xA0,0xE1,0x02,0x8B,0x2D,0xED,0x24,0x30,0x96,0xE5,
    0x00,0x00,0x53,0xE3,0x28,0x00,0x00,0x0A,0x28,0x10,0x96,0xE5,0x06,0x00,0xA0,0xE1,
    0x33,0xFF,0x2F,0xE1,0x00,0x30,0x96,0xE5,0x08,0x70,0x96,0xE5,0x00,0x60,0x94,0xE5,
    0xA3,0x71,0x67,0xE0,0x00,0x70,0x87,0xE0,0x06,0x00,0xA0,0xE1,0x00,0x10,0xA0,0xE3,
    0x30,0x60,0x94,0xE5,0x25,0xFB,0xFF,0xEB,0x00,0x30,0xA0,0xE3,0x00,0x8B,0xBF,0xEE,
    0x58,0x30,0x84,0xE5,0x70,0x30,0x84,0xE5,0x00,0x30,0xE0,0xE3,0x30,0x30,0x84,0xE5,
    0x07,0x00,0x00,0xEA,0x00,0x30,0x90,0xE5,0x05,0x00,0x53,0xE1,0x02,0x0B,0xD0,0x0D,
    0x08,0x0B,0xD4,0x1D,0x08,0x0B,0xC4,0x0D,0x48,0x0B,0xF4,0xEE,0x10,0xFA,0xF1,0xEE,
    0x03,0x00,0x00,0x1A,0x04,0x00,0xA0,0xE1,0x6D,0xFF,0xFF,0xEB,0x00,0x00,0x50,0xE3,
    0xF3,0xFF,0xFF,0x1A,0x00,0x00,0x94,0xE5,0x07,0x10,0xA0,0xE1,0x0F,0xFB,0xFF,0xEB,
    0x02,0x8B,0xBD,0xEC,0x00,0x30,0xA0,0xE3,0x08,0x0B,0x94,0xED,0x58,0x30,0x84,0xE5,
    0x70,0x30,0x84,0xE5,0x30,0x60,0x84,0xE5,0xF0,0x81,0xBD,0xE8,0x00,0x70,0x96,0xE5,
    0xA7,0x71,0xA0,0xE1,0xDB,0xFF,0xFF,0xEA,0x08,0x0B,0x90,0xED,0x00,0x0B,0xFF,0xEE,
    0x60,0x0B,0xB4,0xEE,0x10,0xFA,0xF1,0xEE,0x1E,0xFF,0x2F,0x11,0xC5,0xFF,0xFF,0xEA,
    0xF8,0x4F,0x2D,0xE9,0x00,0x40,0xA0,0xE1,0x00,0xB0,0x90,0xE5,0x01,0x60,0xA0,0xE1,
    0x0A,0x0B,0x90,0xED,0x04,0x8B,0x2D,0xED,0x30,0x20,0xDB,0xE5,0x0C,0x30,0x9B,0xE5,
    0x00,0x0B,0xFF,0xEE,0x00,0x00,0x52,0xE3,0x60,0x0B,0xB4,0xEE,0x08,0x80,0x9B,0xE5,
    0x03,0x80,0xA0,0x01,0x10,0xFA,0xF1,0xEE,0x02,0x00,0x00,0x0A,0x10,0x30,0x90,0xE5,
    0x08,0x00,0x53,0xE1,0x38,0x00,0x00,0x0A,0x24,0x30,0x9B,0xE5,0x00,0x00,0x53,0xE3,
    0x42,0x00,0x00,0x0A,0x28,0x10,0x9B,0xE5,0x0B,0x00,0xA0,0xE1,0x33,0xFF,0x2F,0xE1,
    0x00,0x30,0x9B,0xE5,0x08,0x90,0x9B,0xE5,0x00,0xB0,0x94,0xE5,0xA3,0x91,0x69,0xE0,
    0x00,0x90,0x89,0xE0,0x30,0xA0,0x94,0xE5,0x01,0x58,0xA0,0xE3,0x00,0x9B,0xBF,0xEE,
    0x00,0x70,0xA0,0xE3,0x05,0x10,0x48,0xE0,0x0B,0x00,0xA0,0xE1,0x00,0x00,0x51,0xE3,
    0x00,0x8B,0xBF,0xEE,0x00,0x10,0xA0,0xB3,0x01,0x55,0xA0,0xB3,0xD7,0xFA,0xFF,0xEB,
    0x00,0x30,0xE0,0xE3,0x58,0x70,0x84,0xE5,0x70,0x70,0x84,0xE5,0x30,0x30,0x84,0xE5,
    0x04,0x00,0xA0,0xE1,0x2A,0xFF,0xFF,0xEB,0x00,0x00,0x50,0xE3,0x0A,0x00,0x00,0x0A,
    0x02,0x0B,0xD0,0xED,0x49,0x0B,0xF4,0xEE,0x10,0xFA,0xF1,0xEE,0xF7,0xFF,0xFF,0x0A,
    0x00,0x30,0x90,0xE5,0x04,0x00,0xA0,0xE1,0x06,0x00,0x53,0xE1,0x60,0x8B,0xB0,0x0E,
    0x1F,0xFF,0xFF,0xEB,0x00,0x00,0x50,0xE3,0xF4,0xFF,0xFF,0x1A,0x49,0x8B,0xB4,0xEE,
    0x10,0xFA,0xF1,0xEE,0x0E,0x00,0x00,0x1A,0x85,0x50,0xA0,0xE1,0x00,0x00,0x94,0xE5,
    0x01,0x05,0x55,0xE3,0x00,0xB0,0xA0,0xE1,0xDD,0xFF,0xFF,0xDA,0x09,0x10,0xA0,0xE1,
    0xBA,0xFA,0xFF,0xEB,0x0A,0x0B,0x94,0xED,0x00,0x30,0xA0,0xE3,0x30,0xA0,0x84,0xE5,
    0x58,0x30,0x84,0xE5,0x70,0x30,0x84,0xE5,0x10,0x80,0x84,0xE5,0x04,0x8B,0xBD,0xEC,
    0xF8,0x8F,0xBD,0xE8,0x08,0x0B,0x94,0xED,0x49,0x0B,0xB4,0xEE,0x10,0xFA,0xF1,0xEE,
    0x02,0x00,0x00,0x1A,0x06,0x10,0xA0,0xE1,0x04,0x00,0xA0,0xE1,0x71,0xFF,0xFF,0xEB,
    0x40,0x8B,0x38,0xEE,0x00,0x00,0x94,0xE5,0x0A,0x8B,0x84,0xED,0xEA,0xFF,0xFF,0xEA,
    0x00,0x90,0x9B,0xE5,0xA9,0x91,0xA0,0xE1,0xC1,0xFF,0xFF,0xEA,0x00,0x00,0x90,0xE5,
    0xE0,0x10,0xA0,0xE3,0xA1,0xFF,0xFF,0xEA,0xF0,0x4F,0x2D,0xE9,0x00,0xB0,0xA0,0xE1,
    0x0E,0x8B,0x2D,0xED,0x0C,0xD0,0x4D,0xE2,0x01,0x40,0xA0,0xE1,0x02,0x90,0xA0,0xE1,
    0x40,0x8B,0xB0,0xEE,0xB9,0xFD,0xFF,0xEB,0x00,0x00,0x50,0xE3,0xB1,0x00,0x00,0x0A,
    0x04,0x10,0xA0,0xE1,0x0B,0x00,0xA0,0xE1,0x94,0xFF,0xFF,0xEB,0x00,0x50,0x9B,0xE5,
    0xC8,0x0B,0xB4,0xEE,0x06,0xCB,0x9B,0xED,0x30,0x10,0xD5,0xE5,0x0C,0x20,0x95,0xE5,
    0x08,0x30,0x95,0xE5,0x00,0x00,0x51,0xE3,0x40,0xDB,0xB0,0xEE,0x02,0x30,0xA0,0x01,
    0x10,0xFA,0xF1,0xEE,0x40,0x8B,0xB0,0x4E,0x90,0x3A,0x07,0xEE,0xE7,0x0B,0xF8,0xEE,
    0x80,0xEB,0x80,0xEE,0xCE,0xEB,0xBD,0xEE,0xA2,0x00,0x00,0x5A,0x20,0x20,0xA0,0xE3,
    0x08,0x0B,0xDB,0xED,0xF0,0x20,0xCD,0xE1,0x24,0x30,0x95,0xE5,0x00,0xBB,0xB7,0xEE,
    0x20,0x8B,0x38,0xEE,0x00,0x00,0x53,0xE3,0x00,0xAB,0xBF,0xEE,0x82,0x00,0x00,0x0A,
    0x28,0x10,0x95,0xE5,0x05,0x00,0xA0,0xE1,0x33,0xFF,0x2F,0xE1,0x00,0x30,0x95,0xE5,
    0x08,0xA0,0x95,0xE5,0x00,0x50,0x9B,0xE5,0xA3,0xA1,0x6A,0xE0,0x00,0xA0,0x8A,0xE0,
    0x4C,0x0B,0x78,0xEE,0xCE,0x1B,0xF8,0xEE,0xCB,0x0B,0x70,0xEE,0xA1,0x0B,0x60,0xEE,
    0xE0,0x7B,0xFD,0xEE,0x90,0x7A,0x17,0xEE,0x0A,0x70,0x97,0xE0,0x00,0x10,0xA0,0x43,
    0x01,0x70,0xA0,0x41,0x05,0x00,0x00,0x4A,0x04,0x30,0x9D,0xE5,0xFF,0x30,0x43,0xE2,
    0x07,0x00,0x53,0xE1,0x04,0x30,0x9D,0xD5,0x01,0x7C,0x43,0xD2,0x07,0x10,0xA0,0xE1,
    0x05,0x00,0xA0,0xE1,0x00,0x9B,0xBF,0xEE,0x60,0xFA,0xFF,0xEB,0x00,0x30,0xE0,0xE3,
    0x00,0x60,0xA0,0xE3,0x03,0x80,0xA0,0xE1,0x58,0x60,0x8B,0xE5,0x70,0x60,0x8B,0xE5,
    0x30,0x30,0x8B,0xE5,0x00,0x50,0x9B,0xE5,0x05,0x00,0xA0,0xE1,0xDB,0xFB,0xFF,0xEB,
    0x01,0x00,0x70,0xE3,0x00,0x00,0x54,0x11,0xFA,0xFF,0xFF,0x1A,0x01,0x00,0x70,0xE3,
    0x5C,0x00,0x00,0x0A,0x00,0x50,0x9B,0xE5,0x24,0x30,0x95,0xE5,0x00,0x00,0x53,0xE3,
    0x3A,0x00,0x00,0x0A,0x28,0x10,0x95,0xE5,0x05,0x00,0xA0,0xE1,0x33,0xFF,0x2F,0xE1,
    0x00,0x30,0x95,0xE5,0x08,0x50,0x95,0xE5,0xA3,0x51,0x65,0xE0,0x00,0x50,0x85,0xE0,
    0x04,0x10,0xA0,0xE1,0x0B,0x00,0xA0,0xE1,0x29,0xFE,0xFF,0xEB,0x00,0x00,0x50,0xE3,
    0xE7,0xFF,0xFF,0x0A,0x02,0x0B,0xD0,0xED,0x4A,0x0B,0xF4,0xEE,0x10,0xFA,0xF1,0xEE,
    0xE3,0xFF,0xFF,0x0A,0xC8,0x0B,0xF4,0xEE,0x10,0xFA,0xF1,0xEE,0x2C,0x00,0x00,0xCA,
    0x4B,0x1B,0x78,0xEE,0xE1,0x0B,0xF4,0xEE,0x10,0xFA,0xF1,0xEE,0x28,0x00,0x00,0x4A,
    0x00,0x00,0x56,0xE3,0x60,0x9B,0xB0,0x0E,0x00,0x00,0x59,0xE3,0x05,0x80,0xA0,0x01,
    0x01,0x60,0xA0,0x03,0xD6,0xFF,0xFF,0x0A,0x10,0xC0,0x90,0xE5,0x06,0x00,0x5C,0xE3,
    0x06,0xC0,0x4C,0xE2,0x1C,0x00,0x00,0x0A,0x14,0xE0,0x90,0xE5,0x00,0x30,0xA0,0xE3,
    0x0E,0x20,0xA0,0xE1,0x01,0x00,0x00,0xEA,0x03,0x00,0x5C,0xE1,0x16,0x00,0x00,0x0A,
    0x01,0x10,0xD2,0xE4,0x03,0x00,0xA0,0xE1,0x01,0x30,0x83,0xE2,0x00,0x00,0x51,0xE3,
    0xF8,0xFF,0xFF,0x1A,0x00,0x10,0xD2,0xE5,0x00,0x00,0x51,0xE3,0xF5,0xFF,0xFF,0x1A,
    0x01,0x60,0xD2,0xE5,0x01,0x00,0x56,0xE3,0xF2,0xFF,0xFF,0x1A,0x02,0x10,0xD2,0xE5,
    0x00,0x00,0x51,0xE3,0xEF,0xFF,0xFF,0x1A,0x00,0xE0,0x8E,0xE0,0x05,0x30,0xDE,0xE5,
    0x38,0x30,0x03,0xE2,0x08,0x00,0x53,0xE3,0x05,0x80,0xA0,0x01,0xB8,0xFF,0xFF,0xEA,
    0x00,0x50,0x95,0xE5,0xA5,0x51,0xA0,0xE1,0xC8,0xFF,0xFF,0xEA,0x01,0x60,0xA0,0xE3,
    0xB3,0xFF,0xFF,0xEA,0x0A,0xA0,0x47,0xE0,0xCC,0xCB,0x30,0xEE,0x01,0x00,0x78,0xE3,
    0x90,0xAA,0x07,0xEE,0xE7,0x1B,0xF8,0xEE,0x8C,0xEB,0x81,0xEE,0xCE,0xEB,0xBD,0xEE,
    0x29,0x00,0x00,0x1A,0x00,0x00,0x56,0xE3,0x60,0xCB,0xB0,0x0E,0x02,0x00,0x00,0x0A,
    0x0B,0xBB,0x3B,0xEE,0x60,0xCB,0xB0,0xEE,0x49,0x8B,0xB0,0xEE,0x00,0x30,0x9D,0xE5,
    0x01,0x30,0x53,0xE2,0x00,0x30,0x8D,0xE5,0x16,0x00,0x00,0x0A,0x00,0x50,0x9B,0xE5,
    0x24,0x30,0x95,0xE5,0x00,0x00,0x53,0xE3,0x7C,0xFF,0xFF,0x1A,0x00,0xA0,0x95,0xE5,
    0xAA,0xA1,0xA0,0xE1,0x81,0xFF,0xFF,0xEA,0x01,0x00,0x78,0xE3,0x16,0x00,0x00,0x1A,
    0x00,0x00,0x56,0xE3,0x4C,0x0B,0xF0,0x1E,0xEC,0xFF,0xFF,0x1A,0x0A,0x70,0x47,0xE0,
    0x4C,0x1B,0x7D,0xEE,0x00,0x30,0x9D,0xE5,0x90,0x7A,0x07,0xEE,0xE7,0x0B,0xF8,0xEE,
    0x01,0x30,0x53,0xE2,0x4D,0xCB,0xB0,0xEE,0x00,0x30,0x8D,0xE5,0xA1,0xEB,0x80,0xEE,
    0xCE,0xEB,0xBD,0xEE,0xE8,0xFF,0xFF,0x1A,0x00,0x00,0xA0,0xE3,0x0C,0xD0,0x8D,0xE2,
    0x0E,0x8B,0xBD,0xEC,0xF0,0x8F,0xBD,0xE8,0xC0,0x8B,0xB5,0xEE,0x10,0xFA,0xF1,0xEE,
    0x59,0xFF,0xFF,0x5A,0x30,0x8E,0x80,0xF2,0x57,0xFF,0xFF,0xEA,0x00,0x00,0x9B,0xE5,
    0x08,0x10,0xA0,0xE1,0xD9,0xF9,0xFF,0xEB,0x00,0x30,0xA0,0xE3,0x00,0x20,0xE0,0xE3,
    0x04,0x10,0xA0,0xE1,0x0B,0x00,0xA0,0xE1,0x58,0x30,0x8B,0xE5,0x70,0x30,0x8B,0xE5,
    0x30,0x20,0x8B,0xE5,0x0C,0xD0,0x8D,0xE2,0x0E,0x8B,0xBD,0xEC,0xF0,0x4F,0xBD,0xE8,
    0xB3,0xFD,0xFF,0xEA,0x1E,0xFF,0x2F,0xE1,0xD8,0x12,0x80,0xE5,0x1E,0xFF,0x2F,0xE1,
    0x04,0x0B,0x90,0xED,0x1E,0xFF,0x2F,0xE1,0x00,0x0B,0xD0,0xED,0x04,0x0B,0x80,0xED,
    0x20,0x0B,0x20,0xEE,0xC0,0x0B,0xBD,0xEE,0x06,0x0A,0x80,0xED,0x1E,0xFF,0x2F,0xE1,
    0x70,0x40,0x2D,0xE9,0x00,0x60,0xA0,0xE3,0x9C,0x50,0x90,0xE5,0x00,0x40,0xA0,0xE1,
    0x20,0x30,0x95,0xE5,0x14,0x60,0x85,0xE5,0x06,0x00,0x53,0xE1,0x0E,0x00,0x00,0x0A,
    0x28,0x20,0x95,0xE5,0x06,0x10,0xA0,0xE1,0x05,0x00,0xA0,0xE1,0x33,0xFF,0x2F,0xE1,
    0x00,0x60,0x85,0xE5,0x08,0x60,0x85,0xE5,0x00,0x30,0xA0,0xE3,0x00,0x00,0xA0,0xE3,
    0x00,0x10,0xA0,0xE3,0x00,0x20,0xE0,0xE3,0x18,0x30,0x84,0xE5,0xD4,0x32,0x84,0xE5,
    0x40,0x20,0x84,0xE5,0xF0,0x01,0xC4,0xE1,0x70,0x80,0xBD,0xE8,0x30,0x20,0xD5,0xE5,
    0x02,0x00,0x52,0xE3,0x03,0x00,0x00,0x0A,0x08,0x20,0x95,0xE5,0x00,0x00,0x52,0xE3,
    0x00,0x30,0x85,0x15,0xEF,0xFF,0xFF,0xEA,0x10,0x00,0xC0,0xF2,0x08,0x30,0x85,0xE4,
    0x8F,0x07,0x45,0xF4,0xEB,0xFF,0xFF,0xEA,0x9C,0x30,0x90,0xE5,0x14,0x00,0x93,0xE5,
    0x1E,0xFF,0x2F,0xE1,0xF0,0x41,0x2D,0xE9,0x11,0x1D,0xA0,0xE3,0x20,0xD0,0x4D,0xE2,
    0x00,0x40,0xA0,0xE1,0x9C,0x00,0x90,0xE5,0x99,0xFA,0xFF,0xEB,0x00,0x00,0x50,0xE3,
    0x02,0x00,0x00,0x1A,0x00,0x00,0xA0,0xE3,0x20,0xD0,0x8D,0xE2,0xF0,0x81,0xBD,0xE8,
    0x0C,0x10,0xA0,0xE3,0x9C,0x00,0x94,0xE5,0xAF,0xFA,0xFF,0xEB,0x00,0x30,0xA0,0xE1,
    0x0C,0x10,0xA0,0xE3,0x1C,0x30,0x84,0xE5,0x9C,0x00,0x94,0xE5,0xAA,0xFA,0xFF,0xEB,
    0x1C,0x30,0x94,0xE5,0x20,0x00,0x84,0xE5,0x00,0x00,0x50,0xE3,0x00,0x00,0x53,0xC3,
    0xEF,0xFF,0xFF,0xDA,0x04,0x10,0xA0,0xE3,0x9C,0x00,0x94,0xE5,0xA2,0xFA,0xFF,0xEB,
    0x01,0x30,0x40,0xE2,0x90,0x57,0x07,0xE3,0x0D,0x00,0x53,0xE3,0x50,0x54,0x40,0xE3,
    0x0D,0x30,0xA0,0xA3,0x04,0x10,0xA0,0xE3,0xC3,0x3F,0xC3,0xE1,0x9C,0x00,0x94,0xE5,
    0x03,0x31,0x85,0xE0,0x20,0x7A,0xD3,0xED,0xE7,0x0A,0xF7,0xEE,0x02,0x0B,0xC4,0xED,
    0x95,0xFA,0xFF,0xEB,0x80,0x31,0x85,0xE0,0x1E,0x10,0xA0,0xE3,0x9C,0x00,0x94,0xE5,
    0xD8,0x2B,0xC3,0xE1,0xF0,0x20,0xC4,0xE1,0xB2,0xFA,0xFF,0xEB,0x9C,0x00,0x94,0xE5,
    0x01,0x10,0xA0,0xE3,0x8C,0xFA,0xFF,0xEB,0x00,0x00,0x50,0xE3,0x78,0x00,0x00,0x0A,
    0x18,0x62,0x9F,0xE5,0x40,0x70,0x86,0xE2,0x9C,0x80,0x94,0xE5,0x08,0x10,0xA0,0xE3,
    0x01,0x50,0xF6,0xE5,0x08,0x00,0xA0,0xE1,0x65,0xFA,0xFF,0xEB,0x00,0x30,0x50,0xE2,
    0x08,0x10,0xA0,0xE3,0x08,0x00,0xA0,0xE1,0x03,0x00,0xA0,0x01,0x01,0x00,0x00,0x0A,
    0x8C,0xF8,0xFF,0xEB,0x70,0x00,0xEF,0xE6,0x07,0x00,0x56,0xE1,0x05,0x50,0x84,0xE0,
    0x54,0x02,0xC5,0xE5,0xEF,0xFF,0xFF,0x1A,0x9C,0x00,0x94,0xE5,0x01,0x10,0xA0,0xE3,
    0x75,0xFA,0xFF,0xEB,0x00,0x00,0x50,0xE3,0x68,0x00,0x00,0x0A,0xBC,0x61,0x9F,0xE5,
    0x40,0x70,0x86,0xE2,0x9C,0x80,0x94,0xE5,0x08,0x10,0xA0,0xE3,0x01,0x50,0xF6,0xE5,
    0x08,0x00,0xA0,0xE1,0x4E,0xFA,0xFF,0xEB,0x00,0x30,0x50,0xE2,0x08,0x10,0xA0,0xE3,
    0x08,0x00,0xA0,0xE1,0x03,0x00,0xA0,0x01,0x01,0x00,0x00,0x0A,0x75,0xF8,0xFF,0xEB,
    0x70,0x00,0xEF,0xE6,0x06,0x00,0x57,0xE1,0x05,0x50,0x84,0xE0,0x94,0x02,0xC5,0xE5,
    0xEF,0xFF,0xFF,0x1A,0x1C,0x10,0x94,0xE5,0x24,0x50,0x84,0xE2,0x20,0x20,0x94,0xE5,
    0xE8,0x6B,0x08,0xE3,0x50,0x64,0x40,0xE3,0x00,0x10,0x8D,0xE5,0x0F,0x30,0x81,0xE2,
    0x0F,0x10,0x82,0xE2,0x04,0x20,0x8D,0xE5,0x43,0xC2,0xA0,0xE1,0x41,0x22,0xA0,0xE1,
    0x10,0xC0,0x8D,0xE5,0x8C,0x01,0xA0,0xE1,0x92,0x0C,0x0C,0xE0,0x14,0x20,0x8D,0xE5,
    0x82,0x21,0xA0,0xE1,0x0F,0x10,0xC1,0xE3,0x0C,0x10,0x8D,0xE5,0x0F,0x30,0xC3,0xE3,
    0x92,0x00,0x0E,0xE0,0x1C,0x30,0x8D,0xE5,0x08,0x30,0x8D,0xE5,0x91,0x03,0x03,0xE0,
    0x18,0xC0,0x8D,0xE5,0x04,0x2B,0xDD,0xED,0x06,0x3B,0xDD,0xED,0x00,0xC0,0x96,0xE5,
    0xDF,0x0A,0x6D,0xF4,0x8F,0x2A,0x45,0xF4,0x34,0x10,0x84,0xE5,0x8E,0x10,0x83,0xE0,
    0x38,0x00,0x84,0xE5,0x81,0x50,0x81,0xE0,0x0E,0xE0,0x41,0xE0,0x3C,0x20,0x84,0xE5,
    0x08,0x50,0x85,0xE2,0xC4,0x00,0x84,0xE5,0x05,0x50,0x8C,0xE0,0xC8,0x20,0x84,0xE5,
    0x05,0x04,0x55,0xE3,0xD0,0x00,0x84,0xE5,0x00,0xC0,0xA0,0x83,0x00,0x50,0x86,0x95,
    0x50,0xC1,0x84,0xE5,0x03,0x50,0x8C,0xE0,0xC0,0xC0,0x84,0xE5,0xD4,0x20,0x84,0xE5,
    0xFC,0x00,0x84,0xE5,0x00,0x21,0x84,0xE5,0x08,0x01,0x84,0xE5,0x0C,0x21,0x84,0xE5,
    0x34,0x01,0x84,0xE5,0x2C,0x0B,0xC4,0xED,0x2E,0x1B,0xC4,0xED,0x3A,0x0B,0xC4,0xED,
    0x3C,0x1B,0xC4,0xED,0x48,0x0B,0xC4,0xED,0x4A,0x1B,0xC4,0xED,0x40,0x01,0x84,0xE5,
    0x01,0x00,0xA0,0xE3,0x38,0x21,0x84,0xE5,0x44,0x21,0x84,0xE5,0x01,0x20,0x8C,0xE0,
    0x01,0x10,0x82,0xE0,0x0E,0xC0,0x8C,0xE0,0xF8,0x20,0x84,0xE5,0x30,0x11,0x84,0xE5,
    0xD8,0xC0,0x84,0xE5,0x03,0xC0,0x82,0xE0,0x03,0x30,0x81,0xE0,0x0E,0x20,0x82,0xE0,
    0x0E,0x10,0x81,0xE0,0x70,0x00,0x84,0xE5,0xCC,0x50,0x84,0xE5,0x04,0xC1,0x84,0xE5,
    0x10,0x21,0x84,0xE5,0x3C,0x31,0x84,0xE5,0x48,0x11,0x84,0xE5,0x20,0xD0,0x8D,0xE2,
    0xF0,0x81,0xBD,0xE8,0x95,0x3F,0x84,0xE2,0xA5,0x2F,0x84,0xE2,0xDD,0x0A,0x65,0xF4,
    0x0D,0x0A,0x43,0xF4,0x02,0x00,0x53,0xE1,0xFB,0xFF,0xFF,0x1A,0x91,0xFF,0xFF,0xEA,
    0x1C,0x20,0x9F,0xE5,0xA5,0x3F,0x84,0xE2,0xB5,0x1F,0x84,0xE2,0xDD,0x0A,0x62,0xF4,
    0x0D,0x0A,0x43,0xF4,0x03,0x00,0x51,0xE1,0xFB,0xFF,0xFF,0x1A,0xA0,0xFF,0xFF,0xEA,
    0xC7,0x78,0x50,0x04,0xD0,0x77,0x50,0x04,0xE8,0x3B,0x08,0xE3,0x70,0x40,0x2D,0xE9,
    0x50,0x34,0x40,0xE3,0x50,0x00,0xC0,0xF2,0x00,0x40,0xA0,0xE1,0x00,0x50,0x93,0xE5,
    0xBA,0x2F,0x85,0xE2,0x05,0x04,0x52,0xE3,0x00,0x50,0xA0,0x83,0x00,0x20,0x83,0x95,
    0x05,0x30,0xA0,0xE1,0x2E,0x2E,0x85,0xE2,0x0D,0x0A,0x43,0xF4,0x03,0x00,0x52,0xE1,
    0xFC,0xFF,0xFF,0x1A,0x9C,0x40,0x85,0xE5,0xA0,0x10,0x85,0xE5,0x04,0x00,0xA0,0xE1,
    0x52,0xFA,0xFF,0xEB,0x01,0x00,0x70,0xE3,0xB3,0x00,0x50,0x13,0xFA,0xFF,0xFF,0x1A,
    0x01,0x00,0x70,0xE3,0x40,0x00,0x85,0xE5,0x01,0x00,0x00,0x0A,0x05,0x00,0xA0,0xE1,
    0x27,0xFF,0xFF,0xEB,0x05,0x00,0xA0,0xE1,0x70,0x80,0xBD,0xE8,0x70,0x40,0x2D,0xE9,
    0x70,0x50,0x90,0xE5,0x00,0x00,0x55,0xE3,0x01,0x50,0xA0,0x13,0x07,0x00,0x00,0x1A,
    0x40,0x30,0x90,0xE5,0x00,0x40,0xA0,0xE1,0xB3,0x00,0x53,0xE3,0x05,0x00,0x00,0x1A,
    0x04,0x00,0xA0,0xE1,0x1A,0xFF,0xFF,0xEB,0x00,0x50,0x50,0xE2,0x01,0x50,0xA0,0x13,
    0x05,0x00,0xA0,0xE1,0x70,0x80,0xBD,0xE8,0x9C,0x60,0x90,0xE5,0x06,0x00,0xA0,0xE1,
    0x36,0xFA,0xFF,0xEB,0x01,0x00,0x70,0xE3,0xB3,0x00,0x50,0x13,0xFA,0xFF,0xFF,0x1A,
    0x01,0x00,0x70,0xE3,0x40,0x00,0x84,0xE5,0xF0,0xFF,0xFF,0x1A,0x05,0x00,0xA0,0xE1,
    0x70,0x80,0xBD,0xE8,0x10,0x40,0x2D,0xE9,0x00,0x40,0xA0,0xE1,0xE2,0xFF,0xFF,0xEB,
    0x00,0x00,0x50,0xE3,0x00,0x0B,0x94,0x1D,0x00,0x0B,0x9F,0x0D,0x10,0x80,0xBD,0xE8,
    0x00,0x00,0x00,0x00,0x00,0x00,0x00,0x00,0x10,0x40,0x2D,0xE9,0x00,0x40,0xA0,0xE1,
    0xD9,0xFF,0xFF,0xEB,0x00,0x00,0x50,0xE3,0x02,0x0B,0x94,0x1D,0x01,0x0B,0x9F,0x0D,
    0x10,0x80,0xBD,0xE8,0x00,0xF0,0x20,0xE3,0x00,0x00,0x00,0x00,0x00,0x00,0x00,0x00,
    0x10,0x40,0x2D,0xE9,0x00,0x40,0xA0,0xE1,0xCF,0xFF,0xFF,0xEB,0x00,0x00,0x50,0xE3,
    0x1C,0x00,0x94,0x15,0x10,0x80,0xBD,0xE8,0x10,0x40,0x2D,0xE9,0x00,0x40,0xA0,0xE1,
    0xC9,0xFF,0xFF,0xEB,0x00,0x00,0x50,0xE3,0x20,0x00,0x94,0x15,0x10,0x80,0xBD,0xE8,
    0x2C,0x30,0x80,0xE2,0x34,0xC0,0x80,0xE2,0x08,0xD0,0x4D,0xE2,0x0E,0x4B,0xD0,0xED,
    0x1C,0x00,0x80,0xE2,0x8F,0x2A,0x63,0xF4,0x8F,0x07,0x63,0xF4,0x20,0x30,0x90,0xE5,
    0x8F,0x77,0x2C,0xF4,0x18,0xC0,0x90,0xE5,0x04,0x30,0x8D,0xE5,0x1C,0x30,0x81,0xE2,
    0x87,0x00,0xFA,0xF3,0x00,0xC0,0x8D,0xE5,0x00,0x5B,0xDD,0xED,0x35,0x79,0x27,0xF2,
    0x8F,0x0A,0x60,0xF4,0x18,0x20,0x81,0xE5,0x10,0x8B,0xDF,0xED,0x11,0x9B,0xDF,0xED,
    0xA8,0x6B,0xF0,0xF3,0x17,0x6B,0x27,0xF2,0xA9,0x7B,0xF0,0xF3,0x02,0x6B,0xC1,0xED,
    0x04,0x7B,0xC1,0xED,0x8F,0x47,0x43,0xF4,0x10,0x3A,0x17,0xEE,0x03,0x30,0x82,0xE0,
    0x0A,0x4B,0xC1,0xED,0x24,0x30,0x81,0xE5,0x10,0x3A,0x16,0xEE,0x03,0x20,0x82,0xE0,
    0x30,0x20,0x81,0xE5,0x08,0xD0,0x8D,0xE2,0x1E,0xFF,0x2F,0xE1,0x00,0xF0,0x20,0xE3,
    0x00,0x01,0x02,0x03,0x04,0x05,0x06,0x07,0x14,0x15,0x16,0x17,0x18,0x19,0x1A,0x1B,
    0xF8,0x4F,0x2D,0xE9,0x01,0x70,0xA0,0xE3,0x9C,0xA0,0x90,0xE5,0x17,0x71,0xA0,0xE1,
    0x00,0x80,0xA0,0xE1,0xF0,0x50,0x9F,0xE5,0x01,0x60,0xA0,0xE1,0x02,0x90,0xA0,0xE1,
    0x00,0xB0,0xA0,0xE3,0x14,0x00,0x00,0xEA,0x1C,0x20,0x9A,0xE5,0x00,0x00,0x52,0xE3,
    0x05,0x00,0x00,0x0A,0x28,0x10,0x9A,0xE5,0x32,0xFF,0x2F,0xE1,0x08,0x30,0x9A,0xE5,
    0x00,0x20,0x9A,0xE5,0x83,0x01,0x52,0xE1,0x11,0x00,0x00,0x1A,0x0C,0x20,0x9A,0xE5,
    0x00,0x00,0x52,0xE3,0x02,0x00,0x00,0x0A,0x03,0x00,0x52,0xE1,0x01,0x30,0xA0,0x03,
    0x14,0x30,0x8A,0x05,0x04,0x31,0xA0,0xE1,0xF3,0xB0,0x95,0xE1,0x03,0x30,0x85,0xE0,
    0xF2,0x00,0xD3,0xE1,0x00,0x00,0x5B,0xE3,0x0A,0x00,0x00,0xDA,0x08,0x30,0x9A,0xE5,
    0x0A,0x00,0xA0,0xE1,0x00,0x20,0x9A,0xE5,0x0B,0x40,0xA0,0xE1,0x83,0x01,0x52,0xE1,
    0xE4,0xFF,0xFF,0x0A,0x01,0x10,0xA0,0xE3,0x0A,0x00,0xA0,0xE1,0x69,0xF7,0xFF,0xEB,
    0x00,0x40,0x8B,0xE0,0xEE,0xFF,0xFF,0xEA,0x00,0x00,0x50,0xE3,0x00,0x00,0x56,0x13,
    0x00,0x40,0xA0,0xE1,0x08,0x00,0x00,0x1A,0x09,0x00,0x84,0xE0,0x07,0x02,0x50,0xE1,
    0x01,0x00,0x00,0xBA,0x87,0x02,0x40,0xE0,0xF8,0x8F,0xBD,0xE8,0x00,0x30,0x67,0xE2,
    0x03,0x02,0x50,0xE1,0x87,0x02,0x80,0xB0,0xF8,0x8F,0xBD,0xE8,0x06,0x10,0xA0,0xE1,
    0x9C,0x00,0x98,0xE5,0x48,0xF9,0xFF,0xEB,0x00,0x50,0xA0,0xE1,0x04,0x00,0xA0,0xE1,
    0x23,0x15,0x00,0xFA,0x01,0x00,0x40,0xE2,0x00,0x00,0x54,0xE3,0x10,0x56,0x85,0xE0,
    0x01,0x40,0x85,0xA2,0x05,0x40,0xE0,0xB1,0xEA,0xFF,0xFF,0xEA,0x08,0x79,0x50,0x04,
    0x4C,0x30,0x90,0xE5,0x70,0x40,0x2D,0xE9,0x00,0x40,0xA0,0xE1,0x00,0x00,0x53,0xE3,
    0x16,0x00,0x00,0x1A,0x44,0x30,0x90,0xE5,0x02,0x00,0x53,0xE3,0x0F,0x00,0x00,0x0A,
    0x60,0x30,0x94,0xE5,0x00,0x00,0x53,0xE3,0x70,0x80,0xBD,0x08,0x64,0x50,0x94,0xE5,
    0x04,0x00,0xA0,0xE1,0x68,0x20,0x94,0xE5,0x05,0x10,0xA0,0xE1,0xAB,0xFF,0xFF,0xEB,
    0x00,0x30,0xA0,0xE1,0x6C,0x20,0x94,0xE5,0x05,0x10,0xA0,0xE1,0x04,0x00,0xA0,0xE1,
    0x68,0x30,0x84,0xE5,0xA5,0xFF,0xFF,0xEB,0x6C,0x00,0x84,0xE5,0x70,0x80,0xBD,0xE8,
    0x10,0x00,0xC0,0xF2,0x54,0x30,0x80,0xE2,0x8F,0x07,0x43,0xF4,0xEB,0xFF,0xFF,0xEA,
    0x50,0x50,0x90,0xE5,0x54,0x20,0x90,0xE5,0x05,0x10,0xA0,0xE1,0x9B,0xFF,0xFF,0xEB,
    0x00,0x30,0xA0,0xE1,0x58,0x20,0x94,0xE5,0x05,0x10,0xA0,0xE1,0x04,0x00,0xA0,0xE1,
    0x54,0x30,0x84,0xE5,0x95,0xFF,0xFF,0xEB,0x58,0x00,0x84,0xE5,0xDF,0xFF,0xFF,0xEA,
    0xF0,0x4F,0x2D,0xE9,0x28,0x40,0x9D,0xE5,0x24,0xE0,0x90,0xE5,0x24,0x60,0x9D,0xE5,
    0x84,0x70,0x90,0xE5,0x80,0x50,0x90,0xE5,0x9E,0x04,0x0E,0xE0,0x28,0xC0,0x90,0xE5,
    0xC6,0x80,0xA0,0xE1,0x94,0x07,0x00,0xE0,0x9C,0x04,0x0C,0xE0,0x94,0x85,0x28,0xE0,
    0x04,0xC0,0x4C,0xE0,0x9E,0x75,0x25,0xE0,0x9E,0x08,0x20,0xE0,0x94,0x05,0x05,0xE0,
    0xC3,0x00,0x80,0xE0,0x9C,0xEE,0x2C,0xE0,0x05,0x00,0x50,0xE1,0x00,0x70,0xA0,0x21,
    0x05,0x70,0xA0,0x31,0x04,0xC0,0x4C,0xE0,0x07,0x00,0x5C,0xE1,0xF0,0x8F,0xBD,0x38,
    0x2C,0xC0,0x9D,0xE5,0x83,0x30,0xA0,0xE1,0x01,0x60,0x06,0xE2,0x02,0x30,0x03,0xE2,
    0x0C,0x61,0x86,0xE1,0x03,0x60,0x86,0xE1,0x07,0x00,0x56,0xE3,0x06,0xF1,0x9F,0x97,
    0x07,0x00,0x00,0xEA,0xDC,0x24,0x50,0x04,0x28,0x25,0x50,0x04,0x90,0x25,0x50,0x04,
    0xF0,0x25,0x50,0x04,0x68,0x26,0x50,0x04,0xC8,0x26,0x50,0x04,0x38,0x27,0x50,0x04,
    0x58,0x24,0x50,0x04,0xF0,0x8F,0xBD,0xE8,0x00,0x00,0x54,0xE3,0xF0,0x8F,0xBD,0xD8,
    0x01,0x20,0x42,0xE2,0x04,0x70,0x81,0xE0,0x05,0x20,0x82,0xE0,0x00,0x70,0x87,0xE0,
    0x00,0x20,0x42,0xE0,0x00,0x90,0xA0,0xE3,0x0E,0x80,0x81,0xE0,0x00,0x60,0x82,0xE0,
    0x00,0xC0,0x81,0xE0,0x00,0x50,0x88,0xE0,0x00,0xA0,0xDC,0xE5,0x01,0x30,0xFC,0xE5,
    0x0A,0x30,0x83,0xE0,0x00,0xA0,0xD5,0xE5,0x07,0x00,0x5C,0xE1,0x0A,0x30,0x83,0xE0,
    0x01,0xA0,0xF5,0xE5,0x0A,0x30,0x83,0xE0,0x01,0xA0,0xF6,0xE5,0x02,0x30,0x83,0xE2,
    0x23,0x31,0x8A,0xE0,0x01,0x30,0x83,0xE2,0xC3,0x30,0xA0,0xE1,0x00,0x30,0xC6,0xE5,
    0xF0,0xFF,0xFF,0x1A,0x01,0x90,0x89,0xE2,0x0E,0x00,0x80,0xE0,0x09,0x00,0x54,0xE1,
    0x0E,0x70,0x87,0xE0,0xE8,0xFF,0xFF,0x1A,0xF0,0x8F,0xBD,0xE8,0x00,0x00,0x54,0xE3,
    0xF0,0x8F,0xBD,0xD8,0x01,0x20,0x42,0xE2,0x04,0x30,0x81,0xE0,0x05,0x20,0x82,0xE0,
    0x00,0x30,0x83,0xE0,0x00,0x70,0x42,0xE0,0x00,0x20,0x81,0xE0,0x00,0xC0,0x87,0xE0,
    0x01,0x50,0xD2,0xE4,0x02,0x00,0x53,0xE1,0x01,0x50,0xEC,0xE5,0xFB,0xFF,0xFF,0x1A,
    0x01,0x60,0x86,0xE2,0x0E,0x00,0x80,0xE0,0x06,0x00,0x54,0xE1,0x0E,0x30,0x83,0xE0,
    0xF4,0xFF,0xFF,0x1A,0xF0,0x8F,0xBD,0xE8,0x00,0x00,0x54,0xE3,0xF0,0x8F,0xBD,0xD8,
    0x01,0x20,0x42,0xE2,0x04,0x70,0x81,0xE0,0x05,0x20,0x82,0xE0,0x00,0x70,0x87,0xE0,
    0x00,0x60,0x42,0xE0,0x00,0x90,0xA0,0xE3,0x0E,0x80,0x81,0xE0,0x00,0x20,0x81,0xE0,
    0x00,0x50,0x88,0xE0,0x00,0xC0,0x86,0xE0,0x01,0x30,0xD2,0xE4,0x01,0xA0,0xD5,0xE4,
    0x02,0x00,0x57,0xE1,0x0A,0x30,0x83,0xE0,0x01,0x30,0x83,0xE2,0xC3,0x30,0xA0,0xE1,
    0x01,0x30,0xEC,0xE5,0xF7,0xFF,0xFF,0x1A,0x01,0x90,0x89,0xE2,0x0E,0x00,0x80,0xE0,
    0x09,0x00,0x54,0xE1,0x0E,0x70,0x87,0xE0,0xEF,0xFF,0xFF,0x1A,0xF0,0x8F,0xBD,0xE8,
    0x00,0x00,0x54,0xE3,0xF0,0x8F,0xBD,0xD8,0x01,0x20,0x42,0xE2,0x04,0x60,0x81,0xE0,
    0x05,0x20,0x82,0xE0,0x00,0x60,0x86,0xE0,0x00,0x70,0x42,0xE0,0x00,0x80,0xA0,0xE3,
    0x00,0x20,0x81,0xE0,0x00,0xC0,0x87,0xE0,0x00,0x50,0xD2,0xE5,0x01,0x30,0xF2,0xE5,
    0x05,0x30,0x83,0xE0,0x02,0x00,0x56,0xE1,0x01,0x30,0x83,0xE2,0xC3,0x30,0xA0,0xE1,
    0x01,0x30,0xEC,0xE5,0xF7,0xFF,0xFF,0x1A,0x01,0x80,0x88,0xE2,0x0E,0x00,0x80,0xE0,
    0x08,0x00,0x54,0xE1,0x0E,0x60,0x86,0xE0,0xF0,0xFF,0xFF,0x1A,0xF0,0x8F,0xBD,0xE8,
    0x00,0x00,0x54,0xE3,0xF0,0x8F,0xBD,0xD8,0x01,0x20,0x42,0xE2,0x04,0x70,0x81,0xE0,
    0x05,0x20,0x82,0xE0,0x00,0x70,0x87,0xE0,0x00,0x50,0x42,0xE0,0x00,0x90,0xA0,0xE3,
    0x0E,0x80,0x81,0xE0,0x00,0xC0,0x81,0xE0,0x00,0x20,0x88,0xE0,0x00,0x60,0x85,0xE0,
    0x00,0xA0,0xDC,0xE5,0x01,0x30,0xFC,0xE5,0x0A,0x30,0x83,0xE0,0x00,0xA0,0xD2,0xE5,
    0x0C,0x00,0x57,0xE1,0x0A,0x30,0x83,0xE0,0x01,0xA0,0xF2,0xE5,0x0A,0x30,0x83,0xE0,
    0x02,0x30,0x83,0xE2,0x43,0x31,0xA0,0xE1,0x01,0x30,0xE6,0xE5,0xF3,0xFF,0xFF,0x1A,
    0x01,0x90,0x89,0xE2,0x0E,0x00,0x80,0xE0,0x09,0x00,0x54,0xE1,0x0E,0x70,0x87,0xE0,
    0xEB,0xFF,0xFF,0x1A,0xF0,0x8F,0xBD,0xE8,0x00,0x00,0x54,0xE3,0xF0,0x8F,0xBD,0xD8,
    0x01,0x10,0x41,0xE2,0x04,0x60,0x82,0xE0,0x00,0x10,0x81,0xE0,0x05,0x60,0x86,0xE0,
    0x05,0x80,0x41,0xE0,0x00,0x70,0xA0,0xE3,0x05,0x10,0x82,0xE0,0x05,0x00,0x88,0xE0,
    0x00,0xC0,0xD1,0xE5,0x01,0x30,0xF0,0xE5,0x0C,0x30,0x83,0xE0,0x01,0x30,0x83,0xE2,
    0xC3,0x30,0xA0,0xE1,0x01,0x30,0xC1,0xE4,0x01,0x00,0x56,0xE1,0xF7,0xFF,0xFF,0x1A,
    0x01,0x70,0x87,0xE2,0x0E,0x50,0x85,0xE0,0x07,0x00,0x54,0xE1,0x0E,0x60,0x86,0xE0,
    0xF0,0xFF,0xFF,0x1A,0xF0,0x8F,0xBD,0xE8,0x00,0x00,0x54,0xE3,0xF0,0x8F,0xBD,0xD8,
    0x04,0x90,0x82,0xE0,0x0E,0x80,0x81,0xE0,0x05,0x90,0x89,0xE0,0x00,0xA0,0xA0,0xE3,
    0x01,0x10,0x41,0xE2,0x05,0xC0,0x82,0xE0,0x00,0x70,0x81,0xE0,0x00,0x60,0x88,0xE0,
    0x01,0x30,0xD6,0xE4,0x01,0xB0,0xF7,0xE5,0x03,0xB0,0x8B,0xE0,0x00,0x30,0xDC,0xE5,
    0x01,0xB0,0x8B,0xE2,0xAB,0x30,0x83,0xE0,0x01,0x30,0x83,0xE2,0xC3,0x30,0xA0,0xE1,
    0x01,0x30,0xCC,0xE4,0x09,0x00,0x5C,0xE1,0xF4,0xFF,0xFF,0x1A,0x01,0xA0,0x8A,0xE2,
    0x0E,0x00,0x80,0xE0,0x0A,0x00,0x54,0xE1,0x0E,0x50,0x85,0xE0,0x0E,0x90,0x89,0xE0,
    0xEB,0xFF,0xFF,0x1A,0xF0,0x8F,0xBD,0xE8,0x00,0x00,0x54,0xE3,0xF0,0x8F,0xBD,0xD8,
    0x01,0x20,0x42,0xE2,0x04,0x70,0x81,0xE0,0x05,0x20,0x82,0xE0,0x00,0x70,0x87,0xE0,
    0x00,0x60,0x42,0xE0,0x00,0x80,0xA0,0xE3,0x00,0x50,0x86,0xE0,0x00,0xC0,0x81,0xE0,
    0x00,0x90,0xDC,0xE5,0x01,0x20,0xFC,0xE5,0x01,0x30,0xF5,0xE5,0x09,0x20,0x82,0xE0,
    0x07,0x00,0x5C,0xE1,0x01,0x20,0x82,0xE2,0xA2,0x30,0x83,0xE0,0x01,0x30,0x83,0xE2,
    0xC3,0x30,0xA0,0xE1,0x00,0x30,0xC5,0xE5,0xF4,0xFF,0xFF,0x1A,0x01,0x80,0x88,0xE2,
    0x0E,0x00,0x80,0xE0,0x08,0x00,0x54,0xE1,0x0E,0x70,0x87,0xE0,0xED,0xFF,0xFF,0x1A,
    0xF0,0x8F,0xBD,0xE8,0xF0,0x43,0x2D,0xE9,0x14,0xD0,0x4D,0xE2,0x00,0x30,0x8D,0xE5,
    0x02,0x50,0xA0,0xE1,0x03,0x40,0xA0,0xE1,0x10,0x30,0xA0,0xE3,0x04,0x30,0x8D,0xE5,
    0xA4,0x4F,0x84,0xE0,0x05,0x30,0xA0,0xE1,0xA5,0x5F,0x85,0xE0,0x00,0x80,0xA0,0xE3,
    0xC4,0x40,0xA0,0xE1,0xC5,0x50,0xA0,0xE1,0x00,0x60,0xA0,0xE1,0x01,0x70,0xA0,0xE1,
    0x08,0x80,0x8D,0xE5,0x08,0x90,0xA0,0xE3,0xC0,0x20,0x90,0xE5,0x18,0x10,0x91,0xE5,
    0xEE,0xFE,0xFF,0xEB,0x08,0x80,0x8D,0xE5,0x05,0x30,0xA0,0xE1,0x00,0x40,0x8D,0xE5,
    0x06,0x00,0xA0,0xE1,0x04,0x90,0x8D,0xE5,0xCC,0x20,0x96,0xE5,0x24,0x10,0x97,0xE5,
    0xE6,0xFE,0xFF,0xEB,0x08,0x80,0x8D,0xE5,0x05,0x30,0xA0,0xE1,0x30,0x10,0x97,0xE5,
    0x06,0x00,0xA0,0xE1,0x04,0x90,0x8D,0xE5,0xD8,0x20,0x96,0xE5,0x00,0x40,0x8D,0xE5,
    0xDE,0xFE,0xFF,0xEB,0x14,0xD0,0x8D,0xE2,0xF0,0x83,0xBD,0xE8,0xF0,0x43,0x2D,0xE9,
    0x14,0xD0,0x4D,0xE2,0x00,0x30,0x8D,0xE5,0x02,0x50,0xA0,0xE1,0x03,0x40,0xA0,0xE1,
    0x10,0x30,0xA0,0xE3,0x04,0x30,0x8D,0xE5,0xA4,0x4F,0x84,0xE0,0x05,0x30,0xA0,0xE1,
    0xA5,0x5F,0x85,0xE0,0x01,0x80,0xA0,0xE3,0x55,0x58,0xA0,0xE1,0x54,0x48,0xA0,0xE1,
    0x08,0x80,0x8D,0xE5,0x00,0x60,0xA0,0xE1,0x01,0x70,0xA0,0xE1,0xC0,0x20,0x90,0xE5,
    0x08,0x90,0xA0,0xE3,0x18,0x10,0x91,0xE5,0xC8,0xFE,0xFF,0xEB,0x08,0x80,0x8D,0xE5,
    0x05,0x30,0xA0,0xE1,0x00,0x40,0x8D,0xE5,0x06,0x00,0xA0,0xE1,0x04,0x90,0x8D,0xE5,
    0xCC,0x20,0x96,0xE5,0x24,0x10,0x97,0xE5,0xC0,0xFE,0xFF,0xEB,0x08,0x80,0x8D,0xE5,
    0x05,0x30,0xA0,0xE1,0x30,0x10,0x97,0xE5,0x06,0x00,0xA0,0xE1,0x04,0x90,0x8D,0xE5,
    0xD8,0x20,0x96,0xE5,0x00,0x40,0x8D,0xE5,0xB8,0xFE,0xFF,0xEB,0x14,0xD0,0x8D,0xE2,
    0xF0,0x83,0xBD,0xE8,0x48,0x10,0x90,0xE5,0xD4,0x25,0xC0,0xE1,0x00,0x00,0x51,0xE3,
    0x44,0x10,0x90,0xE5,0x82,0x20,0xA0,0x11,0x83,0x30,0xA0,0x11,0x03,0x00,0x51,0xE3,
    0x19,0x00,0x00,0x1A,0x5C,0x10,0x90,0xE5,0x60,0x40,0x2D,0xE9,0x0C,0xD0,0x4D,0xE2,
    0x68,0x50,0x90,0xE5,0x00,0x00,0x51,0xE3,0x6C,0x60,0x90,0xE5,0x4C,0x10,0x90,0xE5,
    0x85,0x50,0xA0,0x11,0x86,0x60,0xA0,0x11,0x00,0x00,0x51,0xE3,0x08,0x00,0x00,0x0A,
    0xE0,0x10,0x80,0xE2,0x04,0x00,0x8D,0xE5,0x9D,0xFF,0xFF,0xEB,0x04,0x00,0x9D,0xE5,
    0x60,0x30,0x90,0xE5,0x00,0x00,0x53,0xE3,0x09,0x00,0x00,0x1A,0x0C,0xD0,0x8D,0xE2,
    0x60,0x80,0xBD,0xE8,0x06,0x30,0xA0,0xE1,0x05,0x20,0xA0,0xE1,0x46,0x1F,0x80,0xE2,
    0x0C,0xD0,0x8D,0xE2,0x60,0x40,0xBD,0xE8,0x91,0xFF,0xFF,0xEA,0xE0,0x10,0x80,0xE2,
    0x8F,0xFF,0xFF,0xEA,0x06,0x30,0xA0,0xE1,0x05,0x20,0xA0,0xE1,0x46,0x1F,0x80,0xE2,
    0x0C,0xD0,0x8D,0xE2,0x60,0x40,0xBD,0xE8,0xAF,0xFF,0xFF,0xEA,0x73,0x40,0x84,0xF3,
    0x00,0x30,0xA0,0xE1,0x50,0xA0,0xC0,0xF3,0x54,0x60,0x84,0xF3,0xF0,0x40,0x2D,0xE9,
    0x20,0x70,0x80,0xE2,0xBB,0xEB,0xDF,0xED,0xBC,0xFB,0xDF,0xED,0xBD,0xCB,0xDF,0xED,
    0xBE,0xDB,0xDF,0xED,0x0C,0x8B,0x2D,0xED,0xE0,0x20,0x83,0xE2,0xA0,0xC0,0x83,0xE2,
    0x20,0x60,0x83,0xE2,0x60,0x40,0x83,0xE2,0x8F,0x2A,0x6C,0xF4,0xC0,0x10,0x83,0xE2,
    0x40,0x50,0x83,0xE2,0xFA,0x21,0x2A,0xF2,0x8F,0x8A,0x66,0xF4,0x80,0xE0,0x83,0xE2,
    0x8F,0x0A,0x62,0xF4,0x8F,0x6A,0x64,0xF4,0xE0,0xA8,0x28,0xF3,0xE6,0x48,0x62,0xF3,
    0xE8,0x08,0x60,0xF2,0xE2,0x68,0x66,0xF2,0x8F,0x8A,0x61,0xF4,0x8F,0x2A,0x65,0xF4,
    0xE2,0x08,0x28,0xF2,0xE8,0x28,0x62,0xF3,0xE6,0xC8,0x20,0xF3,0xFA,0x81,0x6A,0xF2,
    0xEC,0x29,0x22,0xF2,0x8F,0x8A,0x2E,0xF4,0x7E,0x29,0x6A,0xF2,0x6C,0x89,0x6C,0xF2,
    0xE0,0x68,0x66,0xF2,0xC4,0x29,0x64,0xF2,0x8F,0x0A,0x63,0xF4,0xFE,0x49,0x64,0xF2,
    0xEA,0x28,0x62,0xF2,0x52,0x20,0xB8,0xF2,0x78,0x80,0xF8,0xF2,0x72,0x20,0xF8,0xF2,
    0x40,0x28,0x22,0xF3,0x46,0x49,0x6A,0xF2,0xE6,0x28,0x62,0xF3,0xC8,0xA8,0x20,0xF3,
    0xC8,0x08,0x60,0xF2,0x4A,0x88,0x22,0xF2,0xEA,0x48,0x64,0xF2,0x42,0x28,0x2A,0xF3,
    0xC0,0xA8,0x20,0xF3,0x74,0x40,0xF8,0xF2,0xC0,0x08,0x60,0xF2,0xE2,0x08,0x28,0xF3,
    0xE8,0x88,0x62,0xF3,0x64,0x48,0x60,0xF3,0xE6,0x08,0x20,0xF2,0xE6,0x08,0x60,0xF3,
    0x62,0x68,0x68,0xF2,0x8D,0x0A,0x03,0xF4,0x07,0x00,0x53,0xE1,0x68,0x08,0x22,0xF3,
    0x8F,0x6A,0x46,0xF4,0x68,0x28,0x22,0xF2,0x64,0x68,0x6A,0xF3,0x62,0x88,0x28,0xF3,
    0xCA,0x48,0x64,0xF2,0x8F,0x0A,0x05,0xF4,0x8F,0x6A,0x44,0xF4,0x8F,0x4A,0x4E,0xF4,
    0x8F,0x2A,0x0C,0xF4,0x8F,0x8A,0x01,0xF4,0x8F,0x0A,0x42,0xF4,0xBD,0xFF,0xFF,0x1A,
    0x73,0x20,0x84,0xF3,0x01,0x6C,0x80,0xE2,0x50,0xC0,0xC0,0xF3,0x54,0x40,0x84,0xF3,
    0x70,0x6B,0x9F,0xED,0x71,0x7B,0x9F,0xED,0x72,0xEB,0xDF,0xED,0x73,0xFB,0xDF,0xED,
    0x00,0x30,0xA0,0xE1,0x20,0x50,0x80,0xE2,0x30,0x40,0x80,0xE2,0x40,0xE0,0x80,0xE2,
    0x8D,0x2A,0x63,0xF4,0x50,0xC0,0x80,0xE2,0x60,0x10,0x80,0xE2,0x70,0x20,0x80,0xE2,
    0x8F,0xAA,0x63,0xF4,0xFC,0xA1,0x2C,0xF2,0x8F,0x6A,0x65,0xF4,0x8F,0x8A,0x64,0xF4,
    0x8F,0x0A,0x2E,0xF4,0x8F,0x0A,0x6C,0xF4,0x8F,0x8A,0x21,0xF4,0x8F,0x4A,0x62,0xF4,
    0x6A,0x21,0xFA,0xF3,0x68,0x61,0xFA,0xF3,0x60,0x01,0xBA,0xF3,0x64,0x81,0xBA,0xF3,
    0x66,0x21,0xFA,0xF3,0x48,0x01,0xBA,0xF3,0x68,0xA1,0xFA,0xF3,0x48,0x61,0xFA,0xF3,
    0x66,0xC8,0x28,0xF2,0xC8,0x68,0x66,0xF3,0x64,0x01,0xFA,0xF3,0xEE,0xA9,0x26,0xF2,
    0x60,0xA1,0xFA,0xF3,0x64,0x81,0xFA,0xF3,0x40,0x21,0xFA,0xF3,0x5A,0xA0,0xB8,0xF2,
    0x62,0x68,0x60,0xF2,0xE4,0x88,0x2A,0xF3,0x4C,0xA8,0x2A,0xF3,0xC0,0x28,0x62,0xF3,
    0xEA,0x48,0x64,0xF2,0xE0,0x08,0x28,0xF2,0x62,0xA8,0x6A,0xF2,0xE8,0x08,0x60,0xF3,
    0xCA,0x88,0x62,0xF3,0xCC,0xA8,0x26,0xF3,0xCC,0x28,0x66,0xF2,0x56,0x69,0x68,0xF2,
    0xC0,0xC8,0x24,0xF3,0x64,0x48,0x60,0xF2,0xC2,0x69,0x60,0xF2,0xD6,0x09,0x60,0xF2,
    0xEC,0x68,0x66,0xF2,0x76,0x60,0xF8,0xF2,0x44,0x09,0x68,0xF2,0xFC,0x81,0x2C,0xF2,
    0xE4,0x08,0x26,0xF3,0xE4,0x68,0x62,0xF2,0x6E,0x89,0x2C,0xF2,0xEC,0x08,0x60,0xF2,
    0xE4,0x28,0x62,0xF3,0xEC,0x68,0x66,0xF2,0x70,0x00,0xF8,0xF2,0xEC,0x28,0x62,0xF2,
    0x58,0x80,0xB8,0xF2,0x76,0x60,0xF8,0xF2,0x72,0x20,0xF8,0xF2,0x40,0x48,0x68,0xF3,
    0xE0,0x48,0x64,0xF3,0x48,0x08,0x60,0xF3,0xC0,0x88,0x2A,0xF2,0xC0,0xA8,0x6A,0xF3,
    0xE0,0x08,0x28,0xF3,0xE0,0x08,0x68,0xF2,0x64,0x88,0x6A,0xF3,0xCA,0x48,0x64,0xF2,
    0x6C,0x88,0x28,0xF2,0xEC,0xA8,0x6A,0xF2,0x6C,0x08,0x20,0xF2,0xEC,0x08,0x60,0xF2,
    0xEC,0x88,0x68,0xF2,0xEC,0x48,0x64,0xF2,0x58,0x80,0xB8,0xF2,0x7A,0xA0,0xF8,0xF2,
    0x50,0x00,0xB8,0xF2,0x70,0x00,0xF8,0xF2,0x78,0x80,0xF8,0xF2,0x74,0x40,0xF8,0xF2,
    0xEA,0x01,0xBA,0xF3,0xE0,0x81,0xBA,0xF3,0xE2,0x81,0xFA,0xF3,0xE4,0x61,0xFA,0xF3,
    0xE8,0x81,0xBA,0xF3,0xC0,0x61,0xFA,0xF3,0xEA,0x41,0xFA,0xF3,0xE2,0x01,0xFA,0xF3,
    0xC8,0x61,0xFA,0xF3,0xE8,0x01,0xBA,0xF3,0xE0,0x41,0xFA,0xF3,0xE2,0xA1,0xFA,0xF3,
    0x8F,0x6A,0x40,0xF4,0x80,0x00,0x80,0xE2,0x00,0x00,0x56,0xE1,0x8F,0x8A,0x03,0xF4,
    0x8F,0x0A,0x05,0xF4,0x8F,0x8A,0x44,0xF4,0x8F,0x4A,0x4E,0xF4,0x8F,0x0A,0x4C,0xF4,
    0x8F,0xAA,0x41,0xF4,0x8F,0x2A,0x42,0xF4,0x94,0xFF,0xFF,0x1A,0x0C,0x8B,0xBD,0xEC,
    0xF0,0x80,0xBD,0xE8,0x00,0xF0,0x20,0xE3,0xD9,0x01,0x00,0x00,0xD9,0x01,0x00,0x00,
    0xD9,0x01,0x00,0x00,0xD9,0x01,0x00,0x00,0x6A,0x01,0x00,0x00,0x6A,0x01,0x00,0x00,
    0x6A,0x01,0x00,0x00,0x6A,0x01,0x00,0x00,0xF0,0x4F,0x2D,0xE9,0x00,0xB0,0xA0,0xE1,
    0x8C,0x80,0x90,0xE5,0x01,0x50,0xA0,0xE1,0x0C,0x8B,0x2D,0xED,0x0C,0xD0,0x4D,0xE2,
    0x00,0x00,0x58,0xE3,0xA5,0x3F,0x80,0x02,0x00,0x30,0x8D,0x05,0xB6,0x00,0x00,0x1A,
    0xC8,0x74,0x9F,0xE5,0x3E,0xAB,0xA0,0xE3,0xFF,0xAF,0x4F,0xE3,0x04,0x50,0x8D,0xE5,
    0xA5,0x9F,0x47,0xE2,0x9C,0x50,0x9B,0xE5,0x00,0x60,0xA0,0xE3,0x14,0x00,0x00,0xEA,
    0x1C,0x20,0x95,0xE5,0x00,0x00,0x52,0xE3,0x05,0x00,0x00,0x0A,0x28,0x10,0x95,0xE5,
    0x32,0xFF,0x2F,0xE1,0x08,0x30,0x95,0xE5,0x00,0x20,0x95,0xE5,0x83,0x01,0x52,0xE1,
    0x11,0x00,0x00,0x1A,0x0C,0x20,0x95,0xE5,0x00,0x00,0x52,0xE3,0x02,0x00,0x00,0x0A,
    0x03,0x00,0x52,0xE1,0x01,0x30,0xA0,0x03,0x14,0x30,0x85,0x05,0x04,0x01,0xA0,0xE1,
    0xF0,0x60,0x97,0xE1,0x00,0x00,0x87,0xE0,0xF2,0x40,0xD0,0xE1,0x00,0x00,0x56,0xE3,
    0x0A,0x00,0x00,0xDA,0x08,0x30,0x95,0xE5,0x05,0x00,0xA0,0xE1,0x00,0x20,0x95,0xE5,
    0x06,0x40,0xA0,0xE1,0x83,0x01,0x52,0xE1,0xE4,0xFF,0xFF,0x0A,0x01,0x10,0xA0,0xE3,
    0x05,0x00,0xA0,0xE1,0xB7,0xF4,0xFF,0xEB,0x00,0x40,0x86,0xE0,0xEE,0xFF,0xFF,0xEA,
    0x74,0x60,0xFF,0xE6,0x00,0x00,0x58,0xE3,0x9C,0x50,0x9B,0xE5,0x01,0x30,0x46,0xE2,
    0x13,0x3F,0x6F,0xE1,0xA3,0x32,0xA0,0xE1,0x00,0x30,0xA0,0xD3,0x00,0x00,0x53,0xE3,
    0x3D,0x00,0x00,0x1A,0xFF,0x3F,0x0F,0xE3,0x03,0x00,0x56,0xE1,0x45,0x00,0x00,0x1A,
    0x06,0x10,0xA0,0xE3,0x05,0x00,0xA0,0xE1,0x79,0xF6,0xFF,0xEB,0x00,0x00,0x50,0xE3,
    0x03,0x00,0x00,0x0A,0x06,0x10,0xA0,0xE3,0x05,0x00,0xA0,0xE1,0xA1,0xF4,0xFF,0xEB,
    0x00,0x80,0x88,0xE0,0x9C,0x40,0x9B,0xE5,0x08,0x10,0xA0,0xE3,0x04,0x00,0xA0,0xE1,
    0x6F,0xF6,0xFF,0xEB,0x00,0x00,0x50,0xE3,0x47,0x00,0x00,0x0A,0x04,0x00,0xA0,0xE1,
    0x08,0x10,0xA0,0xE3,0x97,0xF4,0xFF,0xEB,0x00,0x40,0x50,0xE2,0x42,0x00,0x00,0x0A,
    0x80,0x00,0x54,0xE3,0x67,0x00,0x00,0x0A,0x01,0x4C,0x44,0xC2,0x3F,0x00,0x58,0xE3,
    0x3A,0x00,0x00,0x8A,0x8C,0x30,0x9B,0xE5,0x08,0x20,0x89,0xE0,0x38,0x21,0xD2,0xE5,
    0x84,0x40,0xA0,0xE1,0x01,0x80,0x88,0xE2,0x00,0x00,0x53,0xE3,0x03,0x00,0x00,0x1A,
    0x00,0x00,0x54,0xE3,0x01,0x30,0xA0,0xA3,0x00,0x30,0xE0,0xB3,0x03,0x40,0x84,0xE0,
    0x74,0x30,0x9B,0xE5,0x00,0x10,0x9D,0xE5,0x93,0x04,0x03,0xE0,0x02,0x10,0xD1,0xE7,
    0x91,0x03,0x03,0xE0,0x10,0x00,0x13,0xE3,0x43,0x32,0xA0,0xE1,0x03,0x00,0x00,0x1A,
    0x00,0x00,0x53,0xE3,0x01,0x30,0x83,0xD2,0x03,0x00,0x00,0xDA,0x01,0x30,0x43,0xE2,
    0x02,0x0B,0x53,0xE3,0xFF,0x37,0x00,0xA3,0x01,0x00,0x00,0xAA,0x0A,0x00,0x53,0xE1,
    0x0A,0x30,0xA0,0xB1,0x02,0x10,0x89,0xE0,0x02,0x21,0x8B,0xE0,0x18,0x16,0xD1,0xE5,
    0x93,0x01,0x03,0xE0,0x54,0x31,0x82,0xE5,0x95,0xFF,0xFF,0xEA,0x01,0x10,0xA0,0xE3,
    0x05,0x00,0xA0,0xE1,0x3E,0xF6,0xFF,0xEB,0x00,0x00,0x50,0xE3,0x1B,0x00,0x00,0x0A,
    0x01,0x10,0xA0,0xE3,0x05,0x00,0xA0,0xE1,0x66,0xF4,0xFF,0xEB,0x00,0x00,0x50,0xE3,
    0x16,0x00,0x00,0x0A,0x9C,0x50,0x9B,0xE5,0x01,0x10,0xA0,0xE3,0x05,0x00,0xA0,0xE1,
    0x33,0xF6,0xFF,0xEB,0x00,0x00,0x50,0xE3,0x74,0x40,0xEF,0xE6,0x26,0x84,0x88,0xE0,
    0xC9,0xFF,0xFF,0x0A,0x01,0x10,0xA0,0xE3,0x05,0x00,0xA0,0xE1,0x59,0xF4,0xFF,0xEB,
    0x00,0x00,0x50,0xE3,0x00,0x40,0x64,0x12,0x3F,0x00,0x58,0xE3,0xC4,0xFF,0xFF,0x9A,
    0x0C,0xD0,0x8D,0xE2,0x0C,0x8B,0xBD,0xEC,0xF0,0x8F,0xBD,0xE8,0x9C,0x00,0x9B,0xE5,
    0x08,0x10,0xA0,0xE3,0x40,0xF6,0xFF,0xEB,0x00,0x40,0xA0,0xE1,0xBA,0xFF,0xFF,0xEA,
    0x04,0x50,0x9D,0xE5,0x30,0x40,0x9B,0xE5,0x80,0x20,0x9B,0xE5,0x03,0x00,0x55,0xE3,
    0x84,0x30,0x9B,0xE5,0x92,0x04,0x02,0xE0,0x60,0x00,0x00,0xCA,0x03,0x20,0x82,0xE0,
    0x8C,0x70,0x9B,0xE5,0x02,0x62,0xA0,0xE1,0x01,0x00,0x15,0xE3,0xC0,0x90,0x9B,0xE5,
    0x08,0x60,0x86,0x12,0x02,0x00,0x15,0xE3,0x84,0x61,0x86,0x10,0x00,0x00,0x57,0xE3,
    0x55,0x5F,0x8B,0xE2,0x34,0x00,0x00,0x0A,0x01,0x00,0x58,0xE3,0x77,0x00,0x00,0x1A,
    0x54,0x11,0x9B,0xE5,0x06,0x30,0x89,0xE0,0x08,0x20,0xA0,0xE3,0x80,0x10,0x81,0xE2,
    0x51,0x14,0xE8,0xE6,0x90,0x1B,0xC0,0xEE,0x01,0x20,0x52,0xE2,0x04,0x07,0x43,0xF4,
    0xFC,0xFF,0xFF,0x1A,0x00,0x30,0xA0,0xE3,0x54,0x31,0x8B,0xE5,0x0C,0xD0,0x8D,0xE2,
    0x0C,0x8B,0xBD,0xEC,0xF0,0x8F,0xBD,0xE8,0x9C,0x00,0x9B,0xE5,0x08,0x10,0xA0,0xE3,
    0x19,0xF6,0xFF,0xEB,0x01,0x4C,0x40,0xE2,0x93,0xFF,0xFF,0xEA,0x03,0x00,0x51,0xE3,
    0x90,0x37,0x07,0xE3,0x01,0x20,0xA0,0xA1,0x03,0x20,0xA0,0xB3,0x50,0x34,0x40,0xE3,
    0x02,0x71,0x80,0xE0,0x02,0x31,0x83,0xE0,0x9C,0x00,0x90,0xE5,0x84,0x60,0x97,0xE5,
    0x7C,0x12,0x93,0xE5,0xE5,0xF6,0xFF,0xEB,0x00,0x40,0x50,0xE2,0x06,0x00,0x00,0xCA,
    0x06,0x34,0xA0,0xE1,0x95,0x2F,0x8B,0xE2,0x84,0x60,0x87,0xE5,0x01,0x80,0xA0,0xE3,
    0x00,0x20,0x8D,0xE5,0x54,0x31,0x8B,0xE5,0x34,0xFF,0xFF,0xEA,0x9C,0x00,0x9B,0xE5,
    0x04,0x10,0xA0,0xE1,0x00,0xF6,0xFF,0xEB,0x01,0x20,0x44,0xE2,0x00,0x30,0xA0,0xE1,
    0x50,0x22,0xA0,0xE1,0x01,0x00,0x12,0xE3,0x01,0x30,0x80,0x02,0x00,0x20,0xE0,0x03,
    0x12,0x34,0x83,0x01,0x03,0x60,0x86,0xE0,0xEC,0xFF,0xFF,0xEA,0x01,0x00,0x58,0xE3,
    0x29,0x00,0x00,0x1A,0x54,0x11,0x9B,0xE5,0x08,0x20,0xA0,0xE3,0x10,0x40,0xC0,0xF2,
    0x06,0x30,0x89,0xE0,0x1F,0x10,0xC7,0xF3,0x80,0x10,0x81,0xE2,0x51,0x12,0xA0,0xE1,
    0x90,0x1B,0x80,0xEE,0x0F,0x27,0x63,0xF4,0x01,0x20,0x52,0xE2,0x32,0x2A,0xC8,0xF3,
    0x32,0xAA,0xD0,0xF3,0x33,0x8A,0xD0,0xF3,0xAA,0x68,0x60,0xF2,0xA8,0x58,0x60,0xF2,
    0xAB,0x38,0x60,0xF2,0xA9,0x28,0x60,0xF2,0xA4,0x66,0x66,0xF2,0xA4,0x56,0x65,0xF2,
    0xA4,0x26,0x62,0xF2,0xA4,0x36,0x63,0xF2,0xB1,0x86,0x26,0xF2,0xB1,0xA6,0x25,0xF2,
    0xB1,0xB6,0x22,0xF2,0xB1,0x96,0x23,0xF2,0x0A,0xD2,0xB6,0xF3,0x08,0xC2,0xB6,0xF3,
    0x0C,0x22,0xF2,0xF3,0x04,0x27,0x43,0xF4,0xE9,0xFF,0xFF,0x1A,0xB4,0xFF,0xFF,0xEA,
    0x8C,0x70,0x9B,0xE5,0x04,0x00,0x55,0xE3,0xD8,0x90,0x9B,0x05,0x83,0x31,0xA0,0xE1,
    0xCC,0x90,0x9B,0x15,0x55,0x5F,0x8B,0xE2,0x00,0x00,0x57,0xE3,0x38,0x40,0x9B,0xE5,
    0x02,0x61,0x83,0xE0,0xD4,0xFF,0xFF,0x0A,0x9E,0xFF,0xFF,0xEA,0x05,0x00,0xA0,0xE1,
    0x25,0xFE,0xFF,0xEB,0x06,0xC0,0x89,0xE0,0x15,0xEE,0x8B,0xE2,0x08,0xC0,0x8C,0xE2,
    0x08,0x20,0x4C,0xE2,0x0E,0x10,0xA0,0xE1,0x00,0x30,0xD2,0xE5,0x04,0x00,0xB1,0xE5,
    0x00,0x30,0x83,0xE0,0x13,0x30,0xE8,0xE6,0x01,0x30,0xC2,0xE4,0x02,0x00,0x5C,0xE1,
    0xF8,0xFF,0xFF,0x1A,0x08,0x70,0x87,0xE2,0x20,0xE0,0x8E,0xE2,0x40,0x00,0x57,0xE3,
    0x04,0xC0,0x8C,0xE0,0xF1,0xFF,0xFF,0x1A,0x50,0x00,0xC0,0xF2,0x95,0xBF,0x8B,0xE2,
    0x0D,0x0A,0x45,0xF4,0x05,0x00,0x5B,0xE1,0xFC,0xFF,0xFF,0x1A,0x6B,0xFF,0xFF,0xEA,
    0x05,0x00,0xA0,0xE1,0x0C,0xFE,0xFF,0xEB,0x06,0x30,0x89,0xE0,0x00,0xE0,0xA0,0xE3,
    0x08,0x10,0x83,0xE2,0x15,0xCE,0x8B,0xE2,0x08,0x20,0x41,0xE2,0x0C,0x00,0xA0,0xE1,
    0x04,0x30,0xB0,0xE5,0x13,0x30,0xE8,0xE6,0x01,0x30,0xC2,0xE4,0x01,0x00,0x52,0xE1,
    0xFA,0xFF,0xFF,0x1A,0x08,0xE0,0x8E,0xE2,0x20,0xC0,0x8C,0xE2,0x40,0x00,0x5E,0xE3,
    0x04,0x10,0x82,0xE0,0xF3,0xFF,0xFF,0x1A,0x50,0x00,0xC0,0xF2,0x95,0xBF,0x8B,0xE2,
    0x0D,0x0A,0x45,0xF4,0x0B,0x00,0x55,0xE1,0xFC,0xFF,0xFF,0x1A,0x53,0xFF,0xFF,0xEA,
    0x24,0x7A,0x50,0x04,0xF0,0x41,0x2D,0xE9,0x00,0x60,0xA0,0xE1,0x8C,0x12,0x9F,0xE5,
    0x9C,0x00,0x90,0xE5,0x6D,0xF6,0xFF,0xEB,0x22,0x00,0x50,0xE3,0x9D,0x00,0x00,0x1A,
    0x78,0x52,0x9F,0xE5,0x9C,0x70,0x96,0xE5,0x00,0x40,0xA0,0xE3,0x01,0x10,0xA0,0xE3,
    0x07,0x00,0xA0,0xE1,0x6E,0xF5,0xFF,0xEB,0x00,0x30,0xA0,0xE1,0x01,0x10,0xA0,0xE3,
    0x00,0x00,0x53,0xE3,0x07,0x00,0xA0,0xE1,0x01,0x00,0x00,0x0A,0x95,0xF3,0xFF,0xEB,
    0x00,0x40,0x84,0xE0,0x04,0x31,0xA0,0xE1,0xF3,0x40,0x95,0xE1,0x03,0x30,0x85,0xE0,
    0xF2,0x00,0xD3,0xE1,0x00,0x00,0x54,0xE3,0xEF,0xFF,0xFF,0xCA,0x22,0x00,0x50,0xE3,
    0x00,0x80,0xA0,0xE1,0xEA,0xFF,0xFF,0x0A,0x23,0x00,0x58,0xE3,0x17,0x00,0x00,0x1A,
    0x18,0x52,0x9F,0xE5,0x00,0x80,0xA0,0xE3,0x9C,0x70,0x96,0xE5,0x21,0x80,0x88,0xE2,
    0x00,0x40,0xA0,0xE3,0x01,0x10,0xA0,0xE3,0x07,0x00,0xA0,0xE1,0x54,0xF5,0xFF,0xEB,
    0x00,0x30,0xA0,0xE1,0x01,0x10,0xA0,0xE3,0x00,0x00,0x53,0xE3,0x07,0x00,0xA0,0xE1,
    0x01,0x00,0x00,0x0A,0x7B,0xF3,0xFF,0xEB,0x00,0x40,0x84,0xE0,0x04,0x31,0xA0,0xE1,
    0xF3,0x40,0x95,0xE1,0x03,0x30,0x85,0xE0,0xF2,0x00,0xD3,0xE1,0x00,0x00,0x54,0xE3,
    0xEF,0xFF,0xFF,0xCA,0x23,0x00,0x50,0xE3,0xEA,0xFF,0xFF,0x0A,0x00,0x80,0x88,0xE0,
    0xD8,0x27,0xC6,0xE1,0x00,0x00,0x52,0xE3,0x03,0x00,0x88,0xE0,0x00,0x30,0xA0,0x13,
    0x78,0x30,0x86,0x15,0x1C,0x00,0x00,0x1A,0x2C,0x20,0x96,0xE5,0x00,0x00,0x52,0xE1,
    0xF0,0x81,0xBD,0xD8,0x01,0x00,0x58,0xE3,0x16,0x00,0x00,0xDA,0x44,0x20,0x96,0xE5,
    0x80,0x10,0xA0,0xE3,0x10,0x00,0xC0,0xF3,0x98,0x10,0x86,0xE5,0x02,0x00,0x52,0xE3,
    0x24,0x0B,0xC6,0xED,0x02,0x00,0x00,0x1A,0x10,0x00,0xC0,0xF2,0x54,0x20,0x86,0xE2,
    0x8F,0x07,0x42,0xF4,0x01,0x00,0x83,0xE2,0x24,0x10,0x96,0xE5,0x7C,0x00,0x86,0xE5,
    0x01,0x80,0x48,0xE2,0x1E,0x11,0x00,0xFA,0x00,0x30,0xA0,0xE1,0x84,0x10,0x86,0xE5,
    0x80,0x30,0x86,0xE5,0x06,0x00,0xA0,0xE1,0x75,0xFD,0xFF,0xEB,0x01,0x00,0x58,0xE3,
    0x7C,0x30,0x96,0xE5,0xF2,0xFF,0xFF,0x1A,0x01,0x00,0x83,0xE2,0x24,0x40,0x96,0xE5,
    0x7C,0x00,0x86,0xE5,0x04,0x10,0xA0,0xE1,0x11,0x11,0x00,0xFA,0x01,0x00,0x54,0xE1,
    0x80,0x00,0x86,0xE5,0x84,0x10,0x86,0xE5,0xF0,0x81,0xBD,0xD8,0x28,0x30,0x96,0xE5,
    0x03,0x00,0x50,0xE1,0xF0,0x81,0xBD,0xA8,0x44,0x20,0x96,0xE5,0x90,0x37,0x07,0xE3,
    0x50,0x34,0x40,0xE3,0x9C,0x00,0x96,0xE5,0x02,0x31,0x83,0xE0,0x98,0x17,0x93,0xE5,
    0x06,0xF6,0xFF,0xEB,0x10,0x00,0x10,0xE3,0x01,0x30,0x00,0xE2,0x08,0x10,0x00,0xE2,
    0x04,0x20,0x00,0xE2,0x88,0x00,0x86,0xE5,0x8C,0x30,0x86,0xE5,0x4C,0x10,0x86,0xE5,
    0x60,0x20,0x86,0xE5,0x19,0x00,0x00,0x1A,0x00,0x00,0x53,0xE3,0x1D,0x00,0x00,0x0A,
    0x10,0x00,0xC0,0xF2,0x54,0x30,0x86,0xE2,0x8F,0x07,0x43,0xF4,0x88,0x30,0x96,0xE5,
    0x1A,0x0B,0xC6,0xED,0x02,0x00,0x13,0xE3,0x24,0x00,0x00,0x0A,0xA0,0x10,0x9F,0xE5,
    0x9C,0x00,0x96,0xE5,0xF1,0xF5,0xFF,0xEB,0x00,0x70,0xA0,0xE1,0x20,0x50,0xA0,0xE3,
    0x00,0x40,0xA0,0xE3,0x03,0x00,0x00,0xEA,0x01,0x40,0x84,0xE2,0xC5,0x50,0xA0,0xE1,
    0x06,0x00,0x54,0xE3,0xF0,0x81,0xBD,0x08,0x05,0x00,0x17,0xE1,0xF9,0xFF,0xFF,0x0A,
    0x04,0x10,0xA0,0xE1,0x06,0x00,0xA0,0xE1,0x32,0xFE,0xFF,0xEB,0xF5,0xFF,0xFF,0xEA,
    0x9C,0x00,0x96,0xE5,0x05,0x10,0xA0,0xE3,0x07,0xF5,0xFF,0xEB,0x8C,0x30,0x96,0xE5,
    0x74,0x00,0x86,0xE5,0xDF,0xFF,0xFF,0xEA,0x10,0x00,0xC0,0xF3,0x80,0x30,0xA0,0xE3,
    0x98,0x30,0x86,0xE5,0x06,0x00,0xA0,0xE1,0x24,0x0B,0xC6,0xED,0xBF,0xFB,0xFF,0xEB,
    0x06,0x00,0xA0,0xE1,0x2E,0xFD,0xFF,0xEB,0x88,0x30,0x96,0xE5,0x02,0x00,0x13,0xE3,
    0xDD,0xFF,0xFF,0x1A,0x8C,0x70,0x96,0xE5,0x00,0x00,0x57,0xE3,0xDE,0xFF,0xFF,0x0A,
    0x3F,0x70,0xA0,0xE3,0xDC,0xFF,0xFF,0xEA,0x00,0x80,0xA0,0xE1,0x75,0xFF,0xFF,0xEA,
    0xE8,0x7D,0x50,0x04,0x38,0x7F,0x50,0x04,0x24,0x30,0x90,0xE5,0x01,0x10,0x41,0xE2,
    0x70,0x40,0x2D,0xE9,0x54,0x20,0x80,0xE2,0x9C,0x50,0x90,0xE5,0x00,0x40,0xA0,0xE1,
    0x01,0x00,0xA0,0xE3,0x93,0x01,0x01,0xE0,0x10,0x00,0xC0,0xF2,0x10,0x10,0xC0,0xF3,
    0x80,0x30,0xA0,0xE3,0x78,0x00,0x84,0xE5,0x05,0x00,0xA0,0xE1,0x01,0x10,0x41,0xE2,
    0x7C,0x10,0x84,0xE5,0x05,0x10,0xA0,0xE3,0x8F,0x07,0x42,0xF4,0x98,0x30,0x84,0xE5,
    0x1A,0x0B,0xC4,0xED,0x24,0x1B,0xC4,0xED,0xBD,0xF4,0xFF,0xEB,0x00,0x00,0x50,0xE3,
    0x02,0x00,0x00,0x0A,0x05,0x10,0xA0,0xE3,0x05,0x00,0xA0,0xE1,0xE5,0xF2,0xFF,0xEB,
    0x74,0x00,0x84,0xE5,0x0A,0x00,0x00,0xEA,0xE2,0xF2,0xFF,0xEB,0x00,0x00,0x50,0xE3,
    0x08,0x10,0xA0,0xE3,0x0F,0x00,0x00,0x0A,0x9C,0x50,0x94,0xE5,0x05,0x00,0xA0,0xE1,
    0xAF,0xF4,0xFF,0xEB,0x00,0x00,0x50,0xE3,0x00,0x30,0x95,0x15,0x08,0x30,0x83,0x12,
    0x00,0x30,0x85,0x15,0x9C,0x50,0x94,0xE5,0x01,0x10,0xA0,0xE3,0x05,0x00,0xA0,0xE1,
    0xA7,0xF4,0xFF,0xEB,0x00,0x30,0xA0,0xE1,0x01,0x10,0xA0,0xE3,0x00,0x00,0x53,0xE3,
    0x05,0x00,0xA0,0xE1,0xEB,0xFF,0xFF,0x1A,0x04,0x00,0xA0,0xE1,0x24,0xFF,0xFF,0xEB,
    0x2C,0x30,0x94,0xE5,0x17,0x10,0xA0,0xE3,0x7C,0x20,0x94,0xE5,0x01,0x30,0x43,0xE2,
    0x03,0x00,0x52,0xE1,0x70,0x80,0xBD,0xA8,0x9C,0x50,0x94,0xE5,0x05,0x00,0xA0,0xE1,
    0x97,0xF4,0xFF,0xEB,0x00,0x30,0xA0,0xE1,0x17,0x10,0xA0,0xE3,0x00,0x00,0x53,0xE3,
    0x05,0x00,0xA0,0xE1,0x70,0x80,0xBD,0x08,0x91,0xF4,0xFF,0xEB,0x00,0x30,0xA0,0xE1,
    0x17,0x10,0xA0,0xE3,0x00,0x00,0x53,0xE3,0x05,0x00,0xA0,0xE1,0x06,0x00,0x00,0x0A,
    0xB8,0xF2,0xFF,0xEB,0x00,0x30,0x95,0xE5,0x00,0x00,0x50,0xE3,0x17,0x30,0x43,0xE2,
    0x00,0x30,0x85,0xE5,0xE3,0xFF,0xFF,0x1A,0x70,0x80,0xBD,0xE8,0x00,0x30,0x95,0xE5,
    0x17,0x30,0x43,0xE2,0x00,0x30,0x85,0xE5,0x70,0x80,0xBD,0xE8,0x70,0x40,0x2D,0xE9,
    0x0A,0x10,0xA0,0xE3,0x9C,0x50,0x90,0xE5,0x00,0x40,0xA0,0xE1,0x38,0xD0,0x4D,0xE2,
    0x05,0x00,0xA0,0xE1,0x7A,0xF4,0xFF,0xEB,0x00,0x00,0x50,0xE3,0x03,0x10,0xA0,0xE3,
    0x00,0x30,0x95,0x15,0x9C,0x00,0x94,0xE5,0x0A,0x30,0x83,0x12,0x00,0x30,0x85,0x15,
    0x91,0xF4,0xFF,0xEB,0x9C,0x50,0x94,0xE5,0x10,0x10,0xA0,0xE3,0x44,0x00,0x84,0xE5,
    0x05,0x00,0xA0,0xE1,0x6E,0xF4,0xFF,0xEB,0x00,0x00,0x50,0xE3,0x44,0x60,0x94,0xE5,
    0x00,0x30,0x95,0x15,0x10,0x30,0x83,0x12,0x00,0x30,0x85,0x15,0x01,0x30,0x46,0xE2,
    0x02,0x00,0x53,0xE3,0x3C,0x00,0x00,0x8A,0x02,0x30,0x46,0xE2,0x9C,0x50,0x94,0xE5,
    0x01,0x00,0x53,0xE3,0x50,0x00,0x00,0x9A,0x03,0x00,0x56,0xE3,0x5E,0x00,0x00,0x0A,
    0x01,0x60,0x46,0xE2,0x0D,0xC0,0xA0,0xE1,0x01,0x00,0x56,0xE3,0xE0,0x60,0x84,0xE2,
    0x06,0xE0,0xA0,0xE1,0x0F,0x00,0xBE,0xE8,0x0F,0x00,0xAC,0xE8,0x0F,0x00,0xBE,0xE8,
    0x0F,0x00,0xAC,0xE8,0x0F,0x00,0xBE,0xE8,0x0F,0x00,0xAC,0xE8,0x03,0x00,0x9E,0xE8,
    0x03,0x00,0x8C,0xE8,0x0B,0x00,0x00,0x8A,0x46,0xEF,0x84,0xE2,0x06,0xC0,0xA0,0xE1,
    0x0F,0x00,0xBE,0xE8,0x0F,0x00,0xAC,0xE8,0x0F,0x00,0xBE,0xE8,0x0F,0x00,0xAC,0xE8,
    0x0F,0x00,0xBE,0xE8,0x0F,0x00,0xAC,0xE8,0x03,0x00,0x9E,0xE8,0x03,0x00,0x8C,0xE8,
    0x00,0x00,0x00,0xEA,0x9C,0x50,0x94,0xE5,0x05,0x00,0xA0,0xE1,0xC7,0xF4,0xFF,0xEB,
    0xB2,0x00,0x50,0xE3,0xB5,0x00,0x50,0x13,0x00,0x10,0xA0,0xE1,0x40,0x00,0x84,0xE5,
    0xF7,0xFF,0xFF,0x0A,0x01,0x30,0x40,0xE2,0xAE,0x00,0x53,0xE3,0x07,0x00,0x00,0x9A,
    0x0D,0x00,0x00,0xEA,0x9C,0x00,0x94,0xE5,0xBC,0xF4,0xFF,0xEB,0x01,0x30,0x40,0xE2,
    0x00,0x10,0xA0,0xE1,0xAE,0x00,0x53,0xE3,0x40,0x00,0x84,0xE5,0x06,0x00,0x00,0x8A,
    0x04,0x00,0xA0,0xE1,0x5F,0xFF,0xFF,0xEB,0x2C,0x30,0x94,0xE5,0x7C,0x20,0x94,0xE5,
    0x01,0x30,0x43,0xE2,0x03,0x00,0x52,0xE1,0xF1,0xFF,0xFF,0xBA,0x44,0x30,0x94,0xE5,
    0x01,0x30,0x43,0xE2,0x01,0x00,0x53,0xE3,0x01,0x00,0x00,0x9A,0x38,0xD0,0x8D,0xE2,
    0x70,0x80,0xBD,0xE8,0xA8,0xE0,0x84,0xE2,0x46,0x5F,0x84,0xE2,0x0E,0x40,0xA0,0xE1,
    0x0F,0x00,0xBE,0xE8,0x0D,0xC0,0xA0,0xE1,0x0F,0x00,0xA5,0xE8,0x0F,0x00,0xBE,0xE8,
    0x0F,0x00,0xA5,0xE8,0x0F,0x00,0xBE,0xE8,0x0F,0x00,0xA5,0xE8,0x03,0x00,0x9E,0xE8,
    0x03,0x00,0x85,0xE8,0x0F,0x00,0xBC,0xE8,0x0F,0x00,0xA4,0xE8,0x0F,0x00,0xBC,0xE8,
    0x0F,0x00,0xA4,0xE8,0x0F,0x00,0xBC,0xE8,0x0F,0x00,0xA4,0xE8,0x03,0x00,0x9C,0xE8,
    0x03,0x00,0x8E,0xE8,0x38,0xD0,0x8D,0xE2,0x70,0x80,0xBD,0xE8,0x01,0x10,0xA0,0xE3,
    0x05,0x00,0xA0,0xE1,0x2C,0xF4,0xFF,0xEB,0x00,0x30,0xA0,0xE1,0x03,0x10,0xA0,0xE3,
    0x9C,0x00,0x94,0xE5,0x48,0x30,0x84,0xE5,0x27,0xF4,0xFF,0xEB,0x00,0x00,0x50,0xE3,
    0xDD,0xFF,0xFF,0x0A,0x44,0x60,0x94,0xE5,0x01,0x00,0x40,0xE2,0x9C,0x50,0x94,0xE5,
    0x50,0x00,0x84,0xE5,0x03,0x00,0x56,0xE3,0xA0,0xFF,0xFF,0x1A,0x01,0x10,0xA0,0xE3,
    0x05,0x00,0xA0,0xE1,0x1C,0xF4,0xFF,0xEB,0x00,0x30,0xA0,0xE1,0x06,0x10,0xA0,0xE1,
    0x9C,0x00,0x94,0xE5,0x5C,0x30,0x84,0xE5,0x17,0xF4,0xFF,0xEB,0x00,0x00,0x50,0xE3,
    0xCD,0xFF,0xFF,0x0A,0x01,0x00,0x40,0xE2,0x44,0x60,0x94,0xE5,0x9C,0x50,0x94,0xE5,
    0x64,0x00,0x84,0xE5,0x91,0xFF,0xFF,0xEA,0xF0,0x47,0x2D,0xE9,0x00,0x50,0xA0,0xE1,
    0x29,0xFA,0xFF,0xEB,0x00,0x00,0x50,0xE3,0x40,0x00,0x00,0x0A,0x00,0x60,0xA0,0xE3,
    0x01,0x70,0xA0,0xE3,0x40,0x30,0x95,0xE5,0x9C,0x40,0x95,0xE5,0x00,0x00,0x53,0xE3,
    0x21,0x00,0x00,0x1A,0x00,0x90,0x94,0xE5,0x10,0x80,0x94,0xE5,0x10,0x60,0x84,0xE5,
    0x04,0x00,0xA0,0xE1,0x65,0xF4,0xFF,0xEB,0x01,0x30,0x80,0xE2,0x01,0x00,0x53,0xE3,
    0xFA,0xFF,0xFF,0x8A,0x01,0x00,0x70,0xE3,0x9C,0x00,0x95,0xE5,0x00,0x90,0x84,0xE5,
    0x10,0x80,0x84,0xE5,0x02,0x00,0x00,0x1A,0x14,0x30,0x90,0xE5,0x00,0x00,0x53,0xE3,
    0x2A,0x00,0x00,0x0A,0x2F,0xF3,0xFF,0xEB,0x05,0x00,0xA0,0xE1,0x52,0xFF,0xFF,0xEB,
    0xD8,0x32,0x95,0xE5,0x00,0x00,0x53,0xE3,0x15,0x00,0x00,0x0A,0x46,0x0F,0x85,0xE2,
    0x18,0x30,0x95,0xE5,0x00,0x2B,0xD5,0xED,0xD0,0x61,0xC5,0xE1,0x01,0x30,0x83,0xE2,
    0x90,0x3A,0x07,0xEE,0xE7,0x0B,0xF8,0xEE,0xF0,0x60,0xC0,0xE1,0x18,0x30,0x85,0xE5,
    0xA2,0x1B,0xC0,0xEE,0x04,0x1B,0xC5,0xED,0xF0,0x87,0xBD,0xE8,0x04,0x00,0xA0,0xE1,
    0x46,0xF4,0xFF,0xEB,0x01,0x30,0x80,0xE2,0x01,0x00,0x53,0xE3,0xFA,0xFF,0xFF,0x8A,
    0x01,0x00,0x70,0xE3,0x40,0x00,0x85,0xE5,0x0D,0x00,0x00,0x0A,0x9C,0x40,0x95,0xE5,
    0xD3,0xFF,0xFF,0xEA,0x44,0x30,0x95,0xE5,0x03,0x00,0x53,0xE3,0x04,0x00,0x00,0x0A,
    0xD4,0x32,0x95,0xE5,0x00,0x00,0x53,0xE3,0x03,0x00,0x00,0x0A,0xE0,0x00,0x85,0xE2,
    0xE2,0xFF,0xFF,0xEA,0xA8,0x00,0x85,0xE2,0xE0,0xFF,0xFF,0xEA,0xD4,0x72,0x85,0xE5,
    0xC3,0xFF,0xFF,0xEA,0xD4,0x32,0x95,0xE5,0x00,0x00,0x53,0xE3,0x01,0x00,0x00,0x1A,
    0x00,0x00,0xA0,0xE3,0xF0,0x87,0xBD,0xE8,0xD8,0x22,0x95,0xE5,0x00,0x00,0x52,0xE3,
    0xFA,0xFF,0xFF,0x1A,0x9C,0x30,0x95,0xE5,0x14,0x30,0x93,0xE5,0x00,0x00,0x53,0xE3,
    0xF6,0xFF,0xFF,0x0A,0x44,0x30,0x95,0xE5,0x01,0x30,0x43,0xE2,0x01,0x00,0x53,0xE3,
    0xF2,0xFF,0xFF,0x8A,0x46,0x0F,0x85,0xE2,0xD4,0x22,0x85,0xE5,0xCB,0xFF,0xFF,0xEA,
    0x0C,0x30,0x90,0xE5,0xF0,0x4F,0x2D,0xE9,0x00,0x50,0xA0,0xE1,0x08,0x00,0x90,0xE5,
    0x34,0xD0,0x4D,0xE2,0xA3,0x30,0xB0,0xE1,0x10,0x90,0x95,0xE5,0x2C,0x20,0x8D,0xE5,
    0xA0,0xA0,0xA0,0xE1,0x20,0x30,0x8D,0xE5,0x28,0x30,0x95,0xE5,0x1C,0xA0,0x8D,0xE5,
    0x7E,0x00,0x00,0x0A,0x69,0x04,0x00,0xE3,0x02,0xC0,0xA0,0xE1,0x02,0x00,0x40,0xE3,
    0x00,0x20,0xA0,0xE3,0x04,0x00,0x8D,0xE5,0x89,0x00,0xA0,0xE1,0x95,0xB8,0x09,0xE3,
    0x28,0x00,0x8D,0xE5,0x8C,0x00,0xA0,0xE1,0x15,0x7A,0x02,0xE3,0x01,0x80,0xA0,0xE1,
    0x24,0x00,0x8D,0xE5,0x01,0xB0,0x40,0xE3,0x01,0x70,0x40,0xE3,0x02,0xE0,0xA0,0xE1,
    0x02,0x00,0xA0,0xE1,0x02,0x10,0xA0,0xE1,0x1C,0xC0,0x9D,0xE5,0x00,0x60,0xA0,0xE1,
    0x01,0x40,0xA0,0xE1,0x00,0x00,0x5C,0xE3,0x5E,0x00,0x00,0x0A,0x2C,0xC0,0x9D,0xE5,
    0x08,0x30,0x8D,0xE5,0x0C,0x20,0x8D,0xE5,0x08,0xE0,0x8C,0xE0,0x08,0xC0,0xA0,0xE1,
    0x10,0x80,0x8D,0xE5,0x14,0x10,0x8D,0xE5,0x18,0x00,0x8D,0xE5,0x24,0x30,0x95,0xE5,
    0x1E,0x00,0x0D,0xE3,0x18,0x10,0x95,0xE5,0x4A,0x84,0x06,0xE3,0x06,0xC0,0x8C,0xE2,
    0x06,0xE0,0x8E,0xE2,0x06,0x20,0xD3,0xE7,0x30,0x30,0x95,0xE5,0x04,0x10,0xD1,0xE7,
    0x80,0x20,0x42,0xE2,0x06,0x30,0xD3,0xE7,0x90,0x02,0x00,0xE0,0x10,0x10,0x41,0xE2,
    0x01,0x60,0x86,0xE2,0x97,0x01,0x01,0xE0,0x0A,0x00,0x56,0xE1,0x80,0x30,0x43,0xE2,
    0x9B,0x02,0x02,0xE0,0x41,0x18,0xA0,0xE1,0x98,0x03,0x20,0xE0,0x04,0x80,0x9D,0xE5,
    0x42,0x28,0xA0,0xE1,0x98,0x03,0x03,0xE0,0x40,0x08,0xA0,0xE1,0x01,0x80,0x82,0xE0,
    0x18,0x80,0xE8,0xE6,0x06,0x80,0x4C,0xE5,0x00,0x80,0x41,0xE0,0x43,0x38,0xA0,0xE1,
    0x18,0x80,0xE8,0xE6,0x05,0x80,0x4C,0xE5,0x01,0x10,0x83,0xE0,0x11,0x10,0xE8,0xE6,
    0x04,0x10,0x4C,0xE5,0x18,0x10,0x95,0xE5,0x04,0x10,0x81,0xE0,0x01,0x10,0xD1,0xE5,
    0x10,0x10,0x41,0xE2,0x97,0x01,0x01,0xE0,0x41,0x18,0xA0,0xE1,0x01,0x80,0x82,0xE0,
    0x18,0x80,0xE8,0xE6,0x03,0x80,0x4C,0xE5,0x00,0x80,0x41,0xE0,0x01,0x10,0x83,0xE0,
    0x18,0x80,0xE8,0xE6,0x11,0x10,0xE8,0xE6,0x02,0x80,0x4C,0xE5,0x01,0x10,0x4C,0xE5,
    0x18,0x10,0x95,0xE5,0x09,0x10,0x81,0xE0,0x04,0x10,0xD1,0xE7,0x10,0x10,0x41,0xE2,
    0x97,0x01,0x01,0xE0,0x41,0x18,0xA0,0xE1,0x01,0x80,0x82,0xE0,0x18,0x80,0xE8,0xE6,
    0x06,0x80,0x4E,0xE5,0x00,0x80,0x41,0xE0,0x01,0x10,0x83,0xE0,0x18,0x80,0xE8,0xE6,
    0x11,0x10,0xE8,0xE6,0x05,0x80,0x4E,0xE5,0x04,0x10,0x4E,0xE5,0x18,0x10,0x95,0xE5,
    0x09,0x10,0x81,0xE0,0x04,0x10,0x81,0xE0,0x02,0x40,0x84,0xE2,0x01,0x10,0xD1,0xE5,
    0x10,0x10,0x41,0xE2,0x97,0x01,0x01,0xE0,0x41,0x18,0xA0,0xE1,0x01,0x20,0x82,0xE0,
    0x00,0x00,0x41,0xE0,0x01,0x30,0x83,0xE0,0x12,0x20,0xE8,0xE6,0x10,0x00,0xE8,0xE6,
    0x13,0x30,0xE8,0xE6,0x03,0x20,0x4E,0xE5,0x02,0x00,0x4E,0xE5,0x01,0x30,0x4E,0xE5,
    0xAD,0xFF,0xFF,0x1A,0x08,0x30,0x9D,0xE5,0x0C,0x20,0x9D,0xE5,0x10,0x80,0x9D,0xE5,
    0x14,0x10,0x9D,0xE5,0x18,0x00,0x9D,0xE5,0x20,0xC0,0x9D,0xE5,0x01,0x20,0x82,0xE2,
    0x03,0x00,0x80,0xE0,0x03,0xA0,0x8A,0xE0,0x02,0x00,0x5C,0xE1,0x28,0xC0,0x9D,0xE5,
    0x0C,0x10,0x81,0xE0,0x24,0xC0,0x9D,0xE5,0x0C,0x80,0x88,0xE0,0x91,0xFF,0xFF,0x1A,
    0x34,0xD0,0x8D,0xE2,0xF0,0x8F,0xBD,0xE8,0x0C,0x30,0x90,0xE5,0xF0,0x4F,0x2D,0xE9,
    0x00,0x50,0xA0,0xE1,0x08,0x00,0x90,0xE5,0x34,0xD0,0x4D,0xE2,0xA3,0x30,0xB0,0xE1,
    0x10,0x90,0x95,0xE5,0x2C,0x20,0x8D,0xE5,0xA0,0xA0,0xA0,0xE1,0x20,0x30,0x8D,0xE5,
    0x28,0x30,0x95,0xE5,0x1C,0xA0,0x8D,0xE5,0x7E,0x00,0x00,0x0A,0x69,0x04,0x00,0xE3,
    0x02,0xC0,0xA0,0xE1,0x02,0x00,0x40,0xE3,0x00,0x20,0xA0,0xE3,0x04,0x00,0x8D,0xE5,
    0x89,0x00,0xA0,0xE1,0x95,0xB8,0x09,0xE3,0x28,0x00,0x8D,0xE5,0x8C,0x00,0xA0,0xE1,
    0x15,0x7A,0x02,0xE3,0x01,0x80,0xA0,0xE1,0x24,0x00,0x8D,0xE5,0x01,0xB0,0x40,0xE3,
    0x01,0x70,0x40,0xE3,0x02,0xE0,0xA0,0xE1,0x02,0x00,0xA0,0xE1,0x02,0x10,0xA0,0xE1,
    0x1C,0xC0,0x9D,0xE5,0x00,0x60,0xA0,0xE1,0x01,0x40,0xA0,0xE1,0x00,0x00,0x5C,0xE3,
    0x5E,0x00,0x00,0x0A,0x2C,0xC0,0x9D,0xE5,0x08,0x30,0x8D,0xE5,0x0C,0x20,0x8D,0xE5,
    0x08,0xE0,0x8C,0xE0,0x08,0xC0,0xA0,0xE1,0x10,0x80,0x8D,0xE5,0x14,0x10,0x8D,0xE5,
    0x18,0x00,0x8D,0xE5,0x24,0x30,0x95,0xE5,0x1E,0x00,0x0D,0xE3,0x18,0x10,0x95,0xE5,
    0x4A,0x84,0x06,0xE3,0x06,0xC0,0x8C,0xE2,0x06,0xE0,0x8E,0xE2,0x06,0x20,0xD3,0xE7,
    0x30,0x30,0x95,0xE5,0x04,0x10,0xD1,0xE7,0x80,0x20,0x42,0xE2,0x06,0x30,0xD3,0xE7,
    0x90,0x02,0x00,0xE0,0x10,0x10,0x41,0xE2,0x01,0x60,0x86,0xE2,0x97,0x01,0x01,0xE0,
    0x0A,0x00,0x56,0xE1,0x80,0x30,0x43,0xE2,0x9B,0x02,0x02,0xE0,0x41,0x18,0xA0,0xE1,
    0x98,0x03,0x20,0xE0,0x04,0x80,0x9D,0xE5,0x42,0x28,0xA0,0xE1,0x98,0x03,0x03,0xE0,
    0x40,0x08,0xA0,0xE1,0x01,0x80,0x82,0xE0,0x18,0x80,0xE8,0xE6,0x04,0x80,0x4C,0xE5,
    0x00,0x80,0x41,0xE0,0x43,0x38,0xA0,0xE1,0x18,0x80,0xE8,0xE6,0x05,0x80,0x4C,0xE5,
    0x01,0x10,0x83,0xE0,0x11,0x10,0xE8,0xE6,0x06,0x10,0x4C,0xE5,0x18,0x10,0x95,0xE5,
    0x04,0x10,0x81,0xE0,0x01,0x10,0xD1,0xE5,0x10,0x10,0x41,0xE2,0x97,0x01,0x01,0xE0,
    0x41,0x18,0xA0,0xE1,0x01,0x80,0x82,0xE0,0x18,0x80,0xE8,0xE6,0x01,0x80,0x4C,0xE5,
    0x00,0x80,0x41,0xE0,0x01,0x10,0x83,0xE0,0x18,0x80,0xE8,0xE6,0x11,0x10,0xE8,0xE6,
    0x02,0x80,0x4C,0xE5,0x03,0x10,0x4C,0xE5,0x18,0x10,0x95,0xE5,0x09,0x10,0x81,0xE0,
    0x04,0x10,0xD1,0xE7,0x10,0x10,0x41,0xE2,0x97,0x01,0x01,0xE0,0x41,0x18,0xA0,0xE1,
    0x01,0x80,0x82,0xE0,0x18,0x80,0xE8,0xE6,0x04,0x80,0x4E,0xE5,0x00,0x80,0x41,0xE0,
    0x01,0x10,0x83,0xE0,0x18,0x80,0xE8,0xE6,0x11,0x10,0xE8,0xE6,0x05,0x80,0x4E,0xE5,
    0x06,0x10,0x4E,0xE5,0x18,0x10,0x95,0xE5,0x09,0x10,0x81,0xE0,0x04,0x10,0x81,0xE0,
    0x02,0x40,0x84,0xE2,0x01,0x10,0xD1,0xE5,0x10,0x10,0x41,0xE2,0x97,0x01,0x01,0xE0,
    0x41,0x18,0xA0,0xE1,0x01,0x20,0x82,0xE0,0x00,0x00,0x41,0xE0,0x01,0x30,0x83,0xE0,
    0x12,0x20,0xE8,0xE6,0x10,0x00,0xE8,0xE6,0x13,0x30,0xE8,0xE6,0x01,0x20,0x4E,0xE5,
    0x02,0x00,0x4E,0xE5,0x03,0x30,0x4E,0xE5,0xAD,0xFF,0xFF,0x1A,0x08,0x30,0x9D,0xE5,
    0x0C,0x20,0x9D,0xE5,0x10,0x80,0x9D,0xE5,0x14,0x10,0x9D,0xE5,0x18,0x00,0x9D,0xE5,
    0x20,0xC0,0x9D,0xE5,0x01,0x20,0x82,0xE2,0x03,0x00,0x80,0xE0,0x03,0xA0,0x8A,0xE0,
    0x02,0x00,0x5C,0xE1,0x28,0xC0,0x9D,0xE5,0x0C,0x10,0x81,0xE0,0x24,0xC0,0x9D,0xE5,
    0x0C,0x80,0x88,0xE0,0x91,0xFF,0xFF,0x1A,0x34,0xD0,0x8D,0xE2,0xF0,0x8F,0xBD,0xE8,
    0x0C,0x30,0x90,0xE5,0xF0,0x4F,0x2D,0xE9,0x00,0x50,0xA0,0xE1,0x08,0x00,0x90,0xE5,
    0x34,0xD0,0x4D,0xE2,0xA3,0x30,0xB0,0xE1,0x10,0x90,0x95,0xE5,0x2C,0x20,0x8D,0xE5,
    0xA0,0xA0,0xA0,0xE1,0x20,0x30,0x8D,0xE5,0x28,0x30,0x95,0xE5,0x1C,0xA0,0x8D,0xE5,
    0x7E,0x00,0x00,0x0A,0x69,0x04,0x00,0xE3,0x02,0xC0,0xA0,0xE1,0x02,0x00,0x40,0xE3,
    0x00,0x20,0xA0,0xE3,0x04,0x00,0x8D,0xE5,0x89,0x00,0xA0,0xE1,0x95,0xB8,0x09,0xE3,
    0x28,0x00,0x8D,0xE5,0x8C,0x00,0xA0,0xE1,0x15,0x7A,0x02,0xE3,0x01,0x80,0xA0,0xE1,
    0x24,0x00,0x8D,0xE5,0x01,0xB0,0x40,0xE3,0x01,0x70,0x40,0xE3,0x02,0xE0,0xA0,0xE1,
    0x02,0x00,0xA0,0xE1,0x02,0x10,0xA0,0xE1,0x1C,0xC0,0x9D,0xE5,0x00,0x60,0xA0,0xE1,
    0x01,0x40,0xA0,0xE1,0x00,0x00,0x5C,0xE3,0x5E,0x00,0x00,0x0A,0x2C,0xC0,0x9D,0xE5,
    0x08,0x30,0x8D,0xE5,0x0C,0x20,0x8D,0xE5,0x08,0xE0,0x8C,0xE0,0x08,0xC0,0xA0,0xE1,
    0x10,0x80,0x8D,0xE5,0x14,0x10,0x8D,0xE5,0x18,0x00,0x8D,0xE5,0x24,0x30,0x95,0xE5,
    0x1E,0x00,0x0D,0xE3,0x18,0x10,0x95,0xE5,0x4A,0x84,0x06,0xE3,0x08,0xC0,0x8C,0xE2,
    0x08,0xE0,0x8E,0xE2,0x06,0x20,0xD3,0xE7,0x30,0x30,0x95,0xE5,0x04,0x10,0xD1,0xE7,
    0x80,0x20,0x42,0xE2,0x06,0x30,0xD3,0xE7,0x90,0x02,0x00,0xE0,0x10,0x10,0x41,0xE2,
    0x01,0x60,0x86,0xE2,0x97,0x01,0x01,0xE0,0x0A,0x00,0x56,0xE1,0x80,0x30,0x43,0xE2,
    0x9B,0x02,0x02,0xE0,0x41,0x18,0xA0,0xE1,0x98,0x03,0x20,0xE0,0x04,0x80,0x9D,0xE5,
    0x42,0x28,0xA0,0xE1,0x98,0x03,0x03,0xE0,0x40,0x08,0xA0,0xE1,0x01,0x80,0x82,0xE0,
    0x18,0x80,0xE8,0xE6,0x08,0x80,0x4C,0xE5,0x00,0x80,0x41,0xE0,0x43,0x38,0xA0,0xE1,
    0x18,0x80,0xE8,0xE6,0x07,0x80,0x4C,0xE5,0x01,0x10,0x83,0xE0,0x11,0x10,0xE8,0xE6,
    0x06,0x10,0x4C,0xE5,0x18,0x10,0x95,0xE5,0x04,0x10,0x81,0xE0,0x01,0x10,0xD1,0xE5,
    0x10,0x10,0x41,0xE2,0x97,0x01,0x01,0xE0,0x41,0x18,0xA0,0xE1,0x01,0x80,0x82,0xE0,
    0x18,0x80,0xE8,0xE6,0x04,0x80,0x4C,0xE5,0x00,0x80,0x41,0xE0,0x01,0x10,0x83,0xE0,
    0x18,0x80,0xE8,0xE6,0x11,0x10,0xE8,0xE6,0x03,0x80,0x4C,0xE5,0x02,0x10,0x4C,0xE5,
    0x18,0x10,0x95,0xE5,0x09,0x10,0x81,0xE0,0x04,0x10,0xD1,0xE7,0x10,0x10,0x41,0xE2,
    0x97,0x01,0x01,0xE0,0x41,0x18,0xA0,0xE1,0x01,0x80,0x82,0xE0,0x18,0x80,0xE8,0xE6,
    0x08,0x80,0x4E,0xE5,0x00,0x80,0x41,0xE0,0x01,0x10,0x83,0xE0,0x18,0x80,0xE8,0xE6,
    0x11,0x10,0xE8,0xE6,0x07,0x80,0x4E,0xE5,0x06,0x10,0x4E,0xE5,0x18,0x10,0x95,0xE5,
    0x09,0x10,0x81,0xE0,0x04,0x10,0x81,0xE0,0x02,0x40,0x84,0xE2,0x01,0x10,0xD1,0xE5,
    0x10,0x10,0x41,0xE2,0x97,0x01,0x01,0xE0,0x41,0x18,0xA0,0xE1,0x01,0x20,0x82,0xE0,
    0x00,0x00,0x41,0xE0,0x01,0x30,0x83,0xE0,0x12,0x20,0xE8,0xE6,0x10,0x00,0xE8,0xE6,
    0x13,0x30,0xE8,0xE6,0x04,0x20,0x4E,0xE5,0x03,0x00,0x4E,0xE5,0x02,0x30,0x4E,0xE5,
    0xAD,0xFF,0xFF,0x1A,0x08,0x30,0x9D,0xE5,0x0C,0x20,0x9D,0xE5,0x10,0x80,0x9D,0xE5,
    0x14,0x10,0x9D,0xE5,0x18,0x00,0x9D,0xE5,0x20,0xC0,0x9D,0xE5,0x01,0x20,0x82,0xE2,
    0x03,0x00,0x80,0xE0,0x03,0xA0,0x8A,0xE0,0x02,0x00,0x5C,0xE1,0x28,0xC0,0x9D,0xE5,
    0x0C,0x10,0x81,0xE0,0x24,0xC0,0x9D,0xE5,0x0C,0x80,0x88,0xE0,0x91,0xFF,0xFF,0x1A,
    0x34,0xD0,0x8D,0xE2,0xF0,0x8F,0xBD,0xE8,0x0C,0x30,0x90,0xE5,0xF0,0x4F,0x2D,0xE9,
    0x00,0x50,0xA0,0xE1,0x08,0x00,0x90,0xE5,0x34,0xD0,0x4D,0xE2,0xA3,0x30,0xB0,0xE1,
    0x10,0x90,0x95,0xE5,0x2C,0x20,0x8D,0xE5,0xA0,0xA0,0xA0,0xE1,0x20,0x30,0x8D,0xE5,
    0x28,0x30,0x95,0xE5,0x1C,0xA0,0x8D,0xE5,0x7E,0x00,0x00,0x0A,0x69,0x04,0x00,0xE3,
    0x02,0xC0,0xA0,0xE1,0x02,0x00,0x40,0xE3,0x00,0x20,0xA0,0xE3,0x04,0x00,0x8D,0xE5,
    0x89,0x00,0xA0,0xE1,0x95,0xB8,0x09,0xE3,0x28,0x00,0x8D,0xE5,0x8C,0x00,0xA0,0xE1,
    0x15,0x7A,0x02,0xE3,0x01,0x80,0xA0,0xE1,0x24,0x00,0x8D,0xE5,0x01,0xB0,0x40,0xE3,
    0x01,0x70,0x40,0xE3,0x02,0xE0,0xA0,0xE1,0x02,0x00,0xA0,0xE1,0x02,0x10,0xA0,0xE1,
    0x1C,0xC0,0x9D,0xE5,0x00,0x60,0xA0,0xE1,0x01,0x40,0xA0,0xE1,0x00,0x00,0x5C,0xE3,
    0x5E,0x00,0x00,0x0A,0x2C,0xC0,0x9D,0xE5,0x08,0x30,0x8D,0xE5,0x0C,0x20,0x8D,0xE5,
    0x08,0xE0,0x8C,0xE0,0x08,0xC0,0xA0,0xE1,0x10,0x80,0x8D,0xE5,0x14,0x10,0x8D,0xE5,
    0x18,0x00,0x8D,0xE5,0x24,0x30,0x95,0xE5,0x1E,0x00,0x0D,0xE3,0x18,0x10,0x95,0xE5,
    0x4A,0x84,0x06,0xE3,0x08,0xC0,0x8C,0xE2,0x08,0xE0,0x8E,0xE2,0x06,0x20,0xD3,0xE7,
    0x30,0x30,0x95,0xE5,0x04,0x10,0xD1,0xE7,0x80,0x20,0x42,0xE2,0x06,0x30,0xD3,0xE7,
    0x90,0x02,0x00,0xE0,0x10,0x10,0x41,0xE2,0x01,0x60,0x86,0xE2,0x97,0x01,0x01,0xE0,
    0x0A,0x00,0x56,0xE1,0x80,0x30,0x43,0xE2,0x9B,0x02,0x02,0xE0,0x41,0x18,0xA0,0xE1,
    0x98,0x03,0x20,0xE0,0x04,0x80,0x9D,0xE5,0x42,0x28,0xA0,0xE1,0x98,0x03,0x03,0xE0,
    0x40,0x08,0xA0,0xE1,0x01,0x80,0x82,0xE0,0x18,0x80,0xE8,0xE6,0x06,0x80,0x4C,0xE5,
    0x00,0x80,0x41,0xE0,0x43,0x38,0xA0,0xE1,0x18,0x80,0xE8,0xE6,0x07,0x80,0x4C,0xE5,
    0x01,0x10,0x83,0xE0,0x11,0x10,0xE8,0xE6,0x08,0x10,0x4C,0xE5,0x18,0x10,0x95,0xE5,
    0x04,0x10,0x81,0xE0,0x01,0x10,0xD1,0xE5,0x10,0x10,0x41,0xE2,0x97,0x01,0x01,0xE0,
    0x41,0x18,0xA0,0xE1,0x01,0x80,0x82,0xE0,0x18,0x80,0xE8,0xE6,0x02,0x80,0x4C,0xE5,
    0x00,0x80,0x41,0xE0,0x01,0x10,0x83,0xE0,0x18,0x80,0xE8,0xE6,0x11,0x10,0xE8,0xE6,
    0x03,0x80,0x4C,0xE5,0x04,0x10,0x4C,0xE5,0x18,0x10,0x95,0xE5,0x09,0x10,0x81,0xE0,
    0x04,0x10,0xD1,0xE7,0x10,0x10,0x41,0xE2,0x97,0x01,0x01,0xE0,0x41,0x18,0xA0,0xE1,
    0x01,0x80,0x82,0xE0,0x18,0x80,0xE8,0xE6,0x06,0x80,0x4E,0xE5,0x00,0x80,0x41,0xE0,
    0x01,0x10,0x83,0xE0,0x18,0x80,0xE8,0xE6,0x11,0x10,0xE8,0xE6,0x07,0x80,0x4E,0xE5,
    0x08,0x10,0x4E,0xE5,0x18,0x10,0x95,0xE5,0x09,0x10,0x81,0xE0,0x04,0x10,0x81,0xE0,
    0x02,0x40,0x84,0xE2,0x01,0x10,0xD1,0xE5,0x10,0x10,0x41,0xE2,0x97,0x01,0x01,0xE0,
    0x41,0x18,0xA0,0xE1,0x01,0x20,0x82,0xE0,0x00,0x00,0x41,0xE0,0x01,0x30,0x83,0xE0,
    0x12,0x20,0xE8,0xE6,0x10,0x00,0xE8,0xE6,0x13,0x30,0xE8,0xE6,0x02,0x20,0x4E,0xE5,
    0x03,0x00,0x4E,0xE5,0x04,0x30,0x4E,0xE5,0xAD,0xFF,0xFF,0x1A,0x08,0x30,0x9D,0xE5,
    0x0C,0x20,0x9D,0xE5,0x10,0x80,0x9D,0xE5,0x14,0x10,0x9D,0xE5,0x18,0x00,0x9D,0xE5,
    0x20,0xC0,0x9D,0xE5,0x01,0x20,0x82,0xE2,0x03,0x00,0x80,0xE0,0x03,0xA0,0x8A,0xE0,
    0x02,0x00,0x5C,0xE1,0x28,0xC0,0x9D,0xE5,0x0C,0x10,0x81,0xE0,0x24,0xC0,0x9D,0xE5,
    0x0C,0x80,0x88,0xE0,0x91,0xFF,0xFF,0x1A,0x34,0xD0,0x8D,0xE2,0xF0,0x8F,0xBD,0xE8,
    0x0C,0x30,0x90,0xE5,0xF0,0x4F,0x2D,0xE9,0x00,0x50,0xA0,0xE1,0x08,0x00,0x90,0xE5,
    0x34,0xD0,0x4D,0xE2,0xA3,0x30,0xB0,0xE1,0x10,0x90,0x95,0xE5,0x2C,0x20,0x8D,0xE5,
    0xA0,0xA0,0xA0,0xE1,0x20,0x30,0x8D,0xE5,0x28,0x30,0x95,0xE5,0x1C,0xA0,0x8D,0xE5,
    0x7E,0x00,0x00,0x0A,0x69,0x04,0x00,0xE3,0x02,0xC0,0xA0,0xE1,0x02,0x00,0x40,0xE3,
    0x00,0x20,0xA0,0xE3,0x04,0x00,0x8D,0xE5,0x89,0x00,0xA0,0xE1,0x95,0xB8,0x09,0xE3,
    0x28,0x00,0x8D,0xE5,0x8C,0x00,0xA0,0xE1,0x15,0x7A,0x02,0xE3,0x01,0x80,0xA0,0xE1,
    0x24,0x00,0x8D,0xE5,0x01,0xB0,0x40,0xE3,0x01,0x70,0x40,0xE3,0x02,0xE0,0xA0,0xE1,
    0x02,0x00,0xA0,0xE1,0x02,0x10,0xA0,0xE1,0x1C,0xC0,0x9D,0xE5,0x00,0x60,0xA0,0xE1,
    0x01,0x40,0xA0,0xE1,0x00,0x00,0x5C,0xE3,0x5E,0x00,0x00,0x0A,0x2C,0xC0,0x9D,0xE5,
    0x08,0x30,0x8D,0xE5,0x0C,0x20,0x8D,0xE5,0x08,0xE0,0x8C,0xE0,0x08,0xC0,0xA0,0xE1,
    0x10,0x80,0x8D,0xE5,0x14,0x10,0x8D,0xE5,0x18,0x00,0x8D,0xE5,0x24,0x30,0x95,0xE5,
    0x1E,0x00,0x0D,0xE3,0x18,0x10,0x95,0xE5,0x4A,0x84,0x06,0xE3,0x08,0xC0,0x8C,0xE2,
    0x08,0xE0,0x8E,0xE2,0x06,0x20,0xD3,0xE7,0x30,0x30,0x95,0xE5,0x04,0x10,0xD1,0xE7,
    0x80,0x20,0x42,0xE2,0x06,0x30,0xD3,0xE7,0x90,0x02,0x00,0xE0,0x10,0x10,0x41,0xE2,
    0x01,0x60,0x86,0xE2,0x97,0x01,0x01,0xE0,0x0A,0x00,0x56,0xE1,0x80,0x30,0x43,0xE2,
    0x9B,0x02,0x02,0xE0,0x41,0x18,0xA0,0xE1,0x98,0x03,0x20,0xE0,0x04,0x80,0x9D,0xE5,
    0x42,0x28,0xA0,0xE1,0x98,0x03,0x03,0xE0,0x40,0x08,0xA0,0xE1,0x01,0x80,0x82,0xE0,
    0x18,0x80,0xE8,0xE6,0x07,0x80,0x4C,0xE5,0x00,0x80,0x41,0xE0,0x43,0x38,0xA0,0xE1,
    0x18,0x80,0xE8,0xE6,0x06,0x80,0x4C,0xE5,0x01,0x10,0x83,0xE0,0x11,0x10,0xE8,0xE6,
    0x05,0x10,0x4C,0xE5,0x18,0x10,0x95,0xE5,0x04,0x10,0x81,0xE0,0x01,0x10,0xD1,0xE5,
    0x10,0x10,0x41,0xE2,0x97,0x01,0x01,0xE0,0x41,0x18,0xA0,0xE1,0x01,0x80,0x82,0xE0,
    0x18,0x80,0xE8,0xE6,0x03,0x80,0x4C,0xE5,0x00,0x80,0x41,0xE0,0x01,0x10,0x83,0xE0,
    0x18,0x80,0xE8,0xE6,0x11,0x10,0xE8,0xE6,0x02,0x80,0x4C,0xE5,0x01,0x10,0x4C,0xE5,
    0x18,0x10,0x95,0xE5,0x09,0x10,0x81,0xE0,0x04,0x10,0xD1,0xE7,0x10,0x10,0x41,0xE2,
    0x97,0x01,0x01,0xE0,0x41,0x18,0xA0,0xE1,0x01,0x80,0x82,0xE0,0x18,0x80,0xE8,0xE6,
    0x07,0x80,0x4E,0xE5,0x00,0x80,0x41,0xE0,0x01,0x10,0x83,0xE0,0x18,0x80,0xE8,0xE6,
    0x11,0x10,0xE8,0xE6,0x06,0x80,0x4E,0xE5,0x05,0x10,0x4E,0xE5,0x18,0x10,0x95,0xE5,
    0x09,0x10,0x81,0xE0,0x04,0x10,0x81,0xE0,0x02,0x40,0x84,0xE2,0x01,0x10,0xD1,0xE5,
    0x10,0x10,0x41,0xE2,0x97,0x01,0x01,0xE0,0x41,0x18,0xA0,0xE1,0x01,0x20,0x82,0xE0,
    0x00,0x00,0x41,0xE0,0x01,0x30,0x83,0xE0,0x12,0x20,0xE8,0xE6,0x10,0x00,0xE8,0xE6,
    0x13,0x30,0xE8,0xE6,0x03,0x20,0x4E,0xE5,0x02,0x00,0x4E,0xE5,0x01,0x30,0x4E,0xE5,
    0xAD,0xFF,0xFF,0x1A,0x08,0x30,0x9D,0xE5,0x0C,0x20,0x9D,0xE5,0x10,0x80,0x9D,0xE5,
    0x14,0x10,0x9D,0xE5,0x18,0x00,0x9D,0xE5,0x20,0xC0,0x9D,0xE5,0x01,0x20,0x82,0xE2,
    0x03,0x00,0x80,0xE0,0x03,0xA0,0x8A,0xE0,0x02,0x00,0x5C,0xE1,0x28,0xC0,0x9D,0xE5,
    0x0C,0x10,0x81,0xE0,0x24,0xC0,0x9D,0xE5,0x0C,0x80,0x88,0xE0,0x91,0xFF,0xFF,0x1A,
    0x34,0xD0,0x8D,0xE2,0xF0,0x8F,0xBD,0xE8,0x0C,0x30,0x90,0xE5,0xF0,0x4F,0x2D,0xE9,
    0x00,0x50,0xA0,0xE1,0x08,0x00,0x90,0xE5,0x34,0xD0,0x4D,0xE2,0xA3,0x30,0xB0,0xE1,
    0x10,0x90,0x95,0xE5,0x2C,0x20,0x8D,0xE5,0xA0,0xA0,0xA0,0xE1,0x20,0x30,0x8D,0xE5,
    0x28,0x30,0x95,0xE5,0x1C,0xA0,0x8D,0xE5,0x7E,0x00,0x00,0x0A,0x69,0x04,0x00,0xE3,
    0x02,0xC0,0xA0,0xE1,0x02,0x00,0x40,0xE3,0x00,0x20,0xA0,0xE3,0x04,0x00,0x8D,0xE5,
    0x89,0x00,0xA0,0xE1,0x95,0xB8,0x09,0xE3,0x28,0x00,0x8D,0xE5,0x8C,0x00,0xA0,0xE1,
    0x15,0x7A,0x02,0xE3,0x01,0x80,0xA0,0xE1,0x24,0x00,0x8D,0xE5,0x01,0xB0,0x40,0xE3,
    0x01,0x70,0x40,0xE3,0x02,0xE0,0xA0,0xE1,0x02,0x00,0xA0,0xE1,0x02,0x10,0xA0,0xE1,
    0x1C,0xC0,0x9D,0xE5,0x00,0x60,0xA0,0xE1,0x01,0x40,0xA0,0xE1,0x00,0x00,0x5C,0xE3,
    0x5E,0x00,0x00,0x0A,0x2C,0xC0,0x9D,0xE5,0x08,0x30,0x8D,0xE5,0x0C,0x20,0x8D,0xE5,
    0x08,0xE0,0x8C,0xE0,0x08,0xC0,0xA0,0xE1,0x10,0x80,0x8D,0xE5,0x14,0x10,0x8D,0xE5,
    0x18,0x00,0x8D,0xE5,0x24,0x30,0x95,0xE5,0x1E,0x00,0x0D,0xE3,0x18,0x10,0x95,0xE5,
    0x4A,0x84,0x06,0xE3,0x08,0xC0,0x8C,0xE2,0x08,0xE0,0x8E,0xE2,0x06,0x20,0xD3,0xE7,
    0x30,0x30,0x95,0xE5,0x04,0x10,0xD1,0xE7,0x80,0x20,0x42,0xE2,0x06,0x30,0xD3,0xE7,
    0x90,0x02,0x00,0xE0,0x10,0x10,0x41,0xE2,0x01,0x60,0x86,0xE2,0x97,0x01,0x01,0xE0,
    0x0A,0x00,0x56,0xE1,0x80,0x30,0x43,0xE2,0x9B,0x02,0x02,0xE0,0x41,0x18,0xA0,0xE1,
    0x98,0x03,0x20,0xE0,0x04,0x80,0x9D,0xE5,0x42,0x28,0xA0,0xE1,0x98,0x03,0x03,0xE0,
    0x40,0x08,0xA0,0xE1,0x01,0x80,0x82,0xE0,0x18,0x80,0xE8,0xE6,0x05,0x80,0x4C,0xE5,
    0x00,0x80,0x41,0xE0,0x43,0x38,0xA0,0xE1,0x18,0x80,0xE8,0xE6,0x06,0x80,0x4C,0xE5,
    0x01,0x10,0x83,0xE0,0x11,0x10,0xE8,0xE6,0x07,0x10,0x4C,0xE5,0x18,0x10,0x95,0xE5,
    0x04,0x10,0x81,0xE0,0x01,0x10,0xD1,0xE5,0x10,0x10,0x41,0xE2,0x97,0x01,0x01,0xE0,
    0x41,0x18,0xA0,0xE1,0x01,0x80,0x82,0xE0,0x18,0x80,0xE8,0xE6,0x01,0x80,0x4C,0xE5,
    0x00,0x80,0x41,0xE0,0x01,0x10,0x83,0xE0,0x18,0x80,0xE8,0xE6,0x11,0x10,0xE8,0xE6,
    0x02,0x80,0x4C,0xE5,0x03,0x10,0x4C,0xE5,0x18,0x10,0x95,0xE5,0x09,0x10,0x81,0xE0,
    0x04,0x10,0xD1,0xE7,0x10,0x10,0x41,0xE2,0x97,0x01,0x01,0xE0,0x41,0x18,0xA0,0xE1,
    0x01,0x80,0x82,0xE0,0x18,0x80,0xE8,0xE6,0x05,0x80,0x4E,0xE5,0x00,0x80,0x41,0xE0,
    0x01,0x10,0x83,0xE0,0x18,0x80,0xE8,0xE6,0x11,0x10,0xE8,0xE6,0x06,0x80,0x4E,0xE5,
    0x07,0x10,0x4E,0xE5,0x18,0x10,0x95,0xE5,0x09,0x10,0x81,0xE0,0x04,0x10,0x81,0xE0,
    0x02,0x40,0x84,0xE2,0x01,0x10,0xD1,0xE5,0x10,0x10,0x41,0xE2,0x97,0x01,0x01,0xE0,
    0x41,0x18,0xA0,0xE1,0x01,0x20,0x82,0xE0,0x00,0x00,0x41,0xE0,0x01,0x30,0x83,0xE0,
    0x12,0x20,0xE8,0xE6,0x10,0x00,0xE8,0xE6,0x13,0x30,0xE8,0xE6,0x01,0x20,0x4E,0xE5,
    0x02,0x00,0x4E,0xE5,0x03,0x30,0x4E,0xE5,0xAD,0xFF,0xFF,0x1A,0x08,0x30,0x9D,0xE5,
    0x0C,0x20,0x9D,0xE5,0x10,0x80,0x9D,0xE5,0x14,0x10,0x9D,0xE5,0x18,0x00,0x9D,0xE5,
    0x20,0xC0,0x9D,0xE5,0x01,0x20,0x82,0xE2,0x03,0x00,0x80,0xE0,0x03,0xA0,0x8A,0xE0,
    0x02,0x00,0x5C,0xE1,0x28,0xC0,0x9D,0xE5,0x0C,0x10,0x81,0xE0,0x24,0xC0,0x9D,0xE5,
    0x0C,0x80,0x88,0xE0,0x91,0xFF,0xFF,0x1A,0x34,0xD0,0x8D,0xE2,0xF0,0x8F,0xBD,0xE8,
    0x1E,0xFF,0x2F,0xE1,0x00,0x0B,0x90,0xED,0x1E,0xFF,0x2F,0xE1,0x0C,0x30,0x90,0xE5,
    0x24,0x20,0x9F,0xE5,0x40,0x1B,0xF0,0xEE,0x00,0x0B,0x80,0xED,0x83,0x30,0xA0,0xE1,
    0xB3,0x30,0x92,0xE1,0x10,0x3A,0x00,0xEE,0x40,0x0B,0xB8,0xEE,0x21,0x0B,0x20,0xEE,
    0xC0,0x0B,0xBD,0xEE,0x02,0x0A,0x80,0xED,0x1E,0xFF,0x2F,0xE1,0x30,0x81,0x50,0x04,
    0x70,0x40,0x2D,0xE9,0x00,0x60,0xA0,0xE3,0x30,0x50,0x90,0xE5,0x00,0x40,0xA0,0xE1,
    0x20,0x30,0x95,0xE5,0x14,0x60,0x85,0xE5,0x06,0x00,0x53,0xE1,0x0C,0x00,0x00,0x0A,
    0x28,0x20,0x95,0xE5,0x06,0x10,0xA0,0xE1,0x05,0x00,0xA0,0xE1,0x33,0xFF,0x2F,0xE1,
    0x00,0x60,0x85,0xE5,0x08,0x60,0x85,0xE5,0x00,0x30,0xA0,0xE3,0x00,0x00,0xA0,0xE3,
    0x00,0x10,0xA0,0xE3,0x08,0x30,0x84,0xE5,0x28,0x30,0x84,0xE5,0xF0,0x00,0xC4,0xE1,
    0x70,0x80,0xBD,0xE8,0x30,0x20,0xD5,0xE5,0x02,0x00,0x52,0xE3,0x03,0x00,0x00,0x0A,
    0x08,0x20,0x95,0xE5,0x00,0x00,0x52,0xE3,0x00,0x30,0x85,0x15,0xF1,0xFF,0xFF,0xEA,
    0x10,0x00,0xC0,0xF2,0x08,0x30,0x85,0xE4,0x8F,0x07,0x45,0xF4,0xED,0xFF,0xFF,0xEA,
    0x30,0x30,0x90,0xE5,0x14,0x00,0x93,0xE5,0x1E,0xFF,0x2F,0xE1,0x30,0xC0,0x90,0xE5,
    0x00,0x30,0x9C,0xE5,0x08,0x00,0x9C,0xE5,0xA3,0x31,0xA0,0xE1,0x01,0x00,0x40,0xE2,
    0x00,0x00,0x53,0xE1,0x11,0x00,0x00,0x2A,0x2C,0x20,0x9C,0xE5,0x03,0x20,0x82,0xE0,
    0x01,0x00,0x00,0xEA,0x03,0x00,0x50,0xE1,0x0C,0x00,0x00,0x9A,0x01,0x10,0xD2,0xE4,
    0x01,0x30,0x83,0xE2,0xFF,0x00,0x51,0xE3,0xF9,0xFF,0xFF,0x1A,0x00,0x10,0xD2,0xE5,
    0xFE,0x10,0x01,0xE2,0xFC,0x00,0x51,0xE3,0xF5,0xFF,0xFF,0x1A,0x83,0x31,0xA0,0xE1,
    0x01,0x00,0xA0,0xE3,0x03,0x30,0x83,0xE2,0x00,0x30,0x8C,0xE5,0x1E,0xFF,0x2F,0xE1,
    0x01,0x30,0x83,0xE2,0x00,0x00,0xA0,0xE3,0x83,0x31,0xA0,0xE1,0x00,0x30,0x8C,0xE5,
    0x1E,0xFF,0x2F,0xE1,0xF0,0x47,0x2D,0xE9,0x30,0x10,0xA0,0xE3,0x00,0x40,0xA0,0xE1,
    0x30,0x00,0x90,0xE5,0xF2,0xEF,0xFF,0xEB,0x00,0x00,0x50,0xE3,0x01,0x00,0x00,0x1A,
    0x00,0x00,0xA0,0xE3,0xF0,0x87,0xBD,0xE8,0x00,0x10,0xA0,0xE3,0x30,0x00,0x94,0xE5,
    0x48,0xF0,0xFF,0xEB,0x30,0x00,0x94,0xE5,0x0B,0x10,0xA0,0xE3,0x06,0xF0,0xFF,0xEB,
    0xFF,0x37,0x00,0xE3,0x03,0x00,0x50,0xE1,0x03,0x00,0x00,0x0A,0x04,0x00,0xA0,0xE1,
    0xCD,0xFF,0xFF,0xEB,0x00,0x00,0x50,0xE3,0xF0,0xFF,0xFF,0x0A,0x02,0x10,0xA0,0xE3,
    0x30,0x00,0x94,0xE5,0xFC,0xEF,0xFF,0xEB,0x00,0x30,0xA0,0xE1,0x02,0x10,0xA0,0xE3,
    0x14,0x30,0x84,0xE5,0x30,0x00,0x94,0xE5,0xF7,0xEF,0xFF,0xEB,0x00,0x30,0xA0,0xE1,
    0x01,0x10,0xA0,0xE3,0x18,0x30,0x84,0xE5,0x30,0x00,0x94,0xE5,0xF2,0xEF,0xFF,0xEB,
    0x14,0x30,0x94,0xE5,0x00,0x60,0xA0,0xE1,0x03,0x00,0x53,0xE3,0xDF,0xFF,0xFF,0x1A,
    0x18,0x70,0x94,0xE5,0x02,0x00,0x57,0xE3,0xDC,0xFF,0xFF,0x1A,0x30,0x00,0x94,0xE5,
    0x04,0x10,0xA0,0xE3,0xE8,0xEF,0xFF,0xEB,0x01,0x80,0x40,0xE2,0x0D,0x00,0x58,0xE3,
    0xD6,0xFF,0xFF,0xCA,0x30,0x00,0x94,0xE5,0x07,0x10,0xA0,0xE1,0xE2,0xEF,0xFF,0xEB,
    0x03,0x00,0x50,0xE3,0x00,0x90,0xA0,0xE1,0xD0,0xFF,0xFF,0x0A,0x01,0x10,0xA0,0xE3,
    0x30,0x00,0x94,0xE5,0xDC,0xEF,0xFF,0xEB,0x01,0x10,0xA0,0xE3,0x00,0x50,0xA0,0xE1,
    0x30,0x00,0x94,0xE5,0xFB,0xEF,0xFF,0xEB,0x07,0x10,0xA0,0xE1,0x30,0x00,0x94,0xE5,
    0xD5,0xEF,0xFF,0xEB,0x2C,0x30,0x94,0xE5,0x00,0x70,0xA0,0xE1,0x00,0x00,0x53,0xE3,
    0x08,0x00,0x00,0x0A,0x10,0x30,0x94,0xE5,0x08,0x00,0x53,0xE1,0xBF,0xFF,0xFF,0x1A,
    0x0C,0x30,0x94,0xE5,0x09,0x00,0x53,0xE1,0xBC,0xFF,0xFF,0x1A,0x1C,0x30,0x94,0xE5,
    0x00,0x00,0x53,0xE1,0xB9,0xFF,0xFF,0x1A,0x01,0x00,0x57,0xE3,0x01,0x30,0xA0,0xE3,
    0x30,0x00,0x94,0xE5,0x02,0x10,0xA0,0xE3,0x10,0x80,0x84,0xE5,0x0C,0x90,0x84,0xE5,
    0x1C,0x70,0x84,0xE5,0x2C,0x30,0x84,0xE5,0x18,0x00,0x00,0x0A,0xE1,0xEF,0xFF,0xEB,
    0x03,0x30,0x57,0xE2,0x01,0x30,0xA0,0x13,0x83,0x32,0xA0,0xE1,0x30,0x00,0x94,0xE5,
    0x04,0x10,0xA0,0xE3,0x20,0x30,0x84,0xE5,0xDA,0xEF,0xFF,0xEB,0x00,0x00,0x56,0xE3,
    0x12,0x00,0x00,0x0A,0x10,0x20,0x94,0xE5,0xCA,0x0D,0xA0,0xE3,0x80,0x10,0x9F,0xE5,
    0x02,0x00,0x40,0xE3,0x0C,0x30,0x94,0xE5,0x82,0x20,0xA0,0xE1,0xF2,0x20,0x91,0xE1,
    0x83,0x30,0x81,0xE0,0xB0,0x11,0x53,0xE1,0x90,0x02,0x00,0xE0,0xDB,0x0A,0x00,0xFA,
    0x04,0x30,0xA0,0xE3,0x05,0x50,0x80,0xE0,0x03,0x00,0x45,0xE0,0xF0,0x87,0xBD,0xE8,
    0xA5,0xEF,0xFF,0xEB,0x01,0x30,0x80,0xE2,0x03,0x31,0xA0,0xE1,0xE6,0xFF,0xFF,0xEA,
    0x30,0x00,0x94,0xE5,0x10,0x10,0xA0,0xE3,0xC2,0xEF,0xFF,0xEB,0x10,0x20,0x94,0xE5,
    0xCA,0x0D,0xA0,0xE3,0x28,0x10,0x9F,0xE5,0x02,0x00,0x40,0xE3,0x0C,0x30,0x94,0xE5,
    0x82,0x20,0xA0,0xE1,0xF2,0x20,0x91,0xE1,0x83,0x30,0x81,0xE0,0xB0,0x11,0x53,0xE1,
    0x90,0x02,0x00,0xE0,0xC5,0x0A,0x00,0xFA,0x06,0x30,0xA0,0xE3,0x05,0x50,0x80,0xE0,
    0xE8,0xFF,0xFF,0xEA,0x40,0x81,0x50,0x04,0xE8,0x3B,0x08,0xE3,0x10,0x40,0x2D,0xE9,
    0x50,0x34,0x40,0xE3,0x10,0x00,0xC0,0xF2,0x00,0x40,0x93,0xE5,0x17,0x2B,0x84,0xE2,
    0x10,0x20,0x82,0xE2,0x05,0x04,0x52,0xE3,0x00,0x40,0xA0,0x83,0x00,0x20,0x83,0x95,
    0x17,0xCB,0x84,0xE2,0xCE,0x2D,0x84,0x92,0x08,0x20,0x82,0x92,0x88,0x23,0x03,0x83,
    0x04,0x30,0xA0,0xE1,0x08,0xC0,0x8C,0xE2,0x0D,0x07,0x43,0xF4,0x0C,0x00,0x53,0xE1,
    0xFC,0xFF,0xFF,0x1A,0x60,0xC0,0x9F,0xE5,0x12,0x3D,0xA0,0xE3,0x30,0x00,0x84,0xE5,
    0xAE,0x0D,0x84,0xE2,0x80,0x37,0x84,0xE5,0x08,0x00,0x80,0xE2,0x34,0x10,0x84,0xE5,
    0x0C,0x30,0xA0,0xE1,0x02,0x1B,0x8C,0xE2,0x03,0xE0,0xA0,0xE3,0x0C,0xE0,0x84,0xE5,
    0xDD,0x0A,0x63,0xF4,0x03,0x00,0x51,0xE1,0x0D,0x0A,0x40,0xF4,0xFB,0xFF,0xFF,0x1A,
    0x24,0x30,0x9F,0xE5,0x02,0x1B,0x8C,0xE2,0xDD,0x0A,0x63,0xF4,0x01,0x00,0x53,0xE1,
    0x0D,0x0A,0x42,0xF4,0xFB,0xFF,0xFF,0x1A,0x04,0x00,0xA0,0xE1,0x50,0xFF,0xFF,0xEB,
    0x28,0x00,0x84,0xE5,0x04,0x00,0xA0,0xE1,0x10,0x80,0xBD,0xE8,0x78,0x81,0x50,0x04,
    0x18,0x30,0x90,0xE5,0x00,0x00,0x53,0xE3,0x01,0x00,0x00,0x0A,0x01,0x00,0xA0,0xE3,
    0x1E,0xFF,0x2F,0xE1,0x70,0x40,0x2D,0xE9,0x00,0x40,0xA0,0xE1,0x00,0x00,0x90,0xE5,
    0x5A,0xF1,0xFF,0xEB,0x00,0x00,0x50,0xE3,0x70,0x80,0xBD,0x08,0x00,0x50,0x94,0xE5,
    0x05,0x00,0xA0,0xE1,0x55,0xF1,0xFF,0xEB,0x00,0x00,0x50,0xE3,0x09,0x00,0x00,0x0A,
    0x44,0x30,0x95,0xE5,0x00,0x00,0x53,0xE3,0x06,0x00,0x00,0xDA,0x1C,0x30,0x94,0xE5,
    0x00,0x00,0x53,0xE3,0xE0,0x30,0xA0,0x13,0x20,0x30,0x84,0x15,0x28,0x30,0x94,0xE5,
    0x00,0x00,0x53,0xE3,0x13,0x00,0x00,0x0A,0x00,0x50,0x94,0xE5,0x05,0x00,0xA0,0xE1,
    0x46,0xF1,0xFF,0xEB,0x00,0x00,0x50,0xE3,0x0A,0x00,0x00,0x0A,0x40,0x30,0x95,0xE5,
    0x00,0x00,0x53,0xE3,0x07,0x00,0x00,0xDA,0x2C,0x30,0x94,0xE5,0x00,0x00,0x53,0xE3,
    0x30,0x30,0x94,0x15,0xC0,0x30,0x83,0x12,0x34,0x30,0x84,0x15,0x44,0x30,0x94,0xE5,
    0x00,0x00,0x53,0xE3,0x0E,0x00,0x00,0x0A,0x01,0x30,0xA0,0xE3,0x01,0x00,0xA0,0xE3,
    0x18,0x30,0x84,0xE5,0x70,0x80,0xBD,0xE8,0x01,0x08,0xA0,0xE3,0xB2,0xED,0xFF,0xEB,
    0x90,0x26,0x01,0xE3,0x24,0x00,0x84,0xE5,0x50,0x24,0x40,0xE3,0x01,0x10,0xA0,0xE3,
    0x1C,0x20,0x80,0xE5,0x28,0x40,0x80,0xE5,0x2A,0xF5,0xFF,0xEB,0x28,0x00,0x84,0xE5,
    0xE0,0xFF,0xFF,0xEA,0x01,0x08,0xA0,0xE3,0xA7,0xED,0xFF,0xEB,0x9C,0x26,0x01,0xE3,
    0x40,0x00,0x84,0xE5,0x50,0x24,0x40,0xE3,0x01,0x10,0xA0,0xE3,0x1C,0x20,0x80,0xE5,
    0x28,0x40,0x80,0xE5,0x8F,0xFF,0xFF,0xEB,0x44,0x00,0x84,0xE5,0xE5,0xFF,0xFF,0xEA,
    0xE8,0x3B,0x08,0xE3,0x10,0x40,0x2D,0xE9,0x50,0x34,0x40,0xE3,0x10,0x00,0xC0,0xF2,
    0x00,0x40,0x93,0xE5,0x60,0x20,0x84,0xE2,0x05,0x04,0x52,0xE3,0x00,0x40,0xA0,0x83,
    0x00,0x20,0x83,0x95,0x04,0x30,0xA0,0xE1,0x58,0x20,0x84,0xE2,0x0D,0x07,0x43,0xF4,
    0x03,0x00,0x52,0xE1,0xFC,0xFF,0xFF,0x1A,0x72,0xF1,0xFF,0xEB,0x01,0x30,0xA0,0xE3,
    0x00,0x20,0xA0,0xE1,0x00,0x20,0x84,0xE5,0x04,0x00,0xA0,0xE1,0x1C,0x30,0x84,0xE5,
    0x2C,0x30,0x84,0xE5,0xA5,0xFF,0xFF,0xEB,0x04,0x00,0xA0,0xE1,0x10,0x80,0xBD,0xE8,
    0xE8,0x3B,0x08,0xE3,0x10,0x40,0x2D,0xE9,0x50,0x34,0x40,0xE3,0x90,0x1B,0x80,0xEE,
    0x00,0xC0,0x93,0xE5,0x40,0xE0,0x8C,0xE2,0x05,0x04,0x5E,0xE3,0x00,0xC0,0xA0,0x83,
    0x00,0xE0,0x83,0x95,0x34,0x40,0x8C,0xE2,0x0C,0x30,0xA0,0xE1,0x00,0xE0,0xA0,0xE3,
    0x01,0xE0,0xC3,0xE4,0x04,0x00,0x53,0xE1,0xFC,0xFF,0xFF,0x1A,0x04,0x30,0x8C,0xE2,
    0x8F,0x07,0x43,0xF4,0x0C,0x10,0x8C,0xE5,0x01,0x10,0xA0,0xE3,0x2C,0x00,0x8C,0xE5,
    0x0C,0x00,0xA0,0xE1,0x30,0x10,0xCC,0xE5,0x10,0xE0,0x8C,0xE5,0x18,0x20,0x8C,0xE5,
    0x10,0x40,0xBD,0xE8,0xCD,0xFF,0xFF,0xEA,0x10,0x40,0x2D,0xE9,0x00,0x40,0xA0,0xE1,
    0x00,0x00,0x90,0xE5,0x0E,0xF0,0xFF,0xEB,0x00,0x00,0x50,0xE3,0x10,0x80,0xBD,0x08,
    0x00,0x30,0xA0,0xE3,0x04,0x00,0xA0,0xE1,0x18,0x30,0x84,0xE5,0x20,0x30,0x84,0xE5,
    0x34,0x30,0x84,0xE5,0x10,0x40,0xBD,0xE8,0x7C,0xFF,0xFF,0xEA,0x03,0x00,0x51,0xE3,
    0x1E,0xFF,0x2F,0x81,0x2C,0x30,0x90,0xE5,0x10,0x40,0x2D,0xE9,0x00,0x40,0xA0,0xE1,
    0x30,0x10,0x80,0xE5,0x00,0x00,0x53,0xE3,0x01,0x00,0x00,0x1A,0x34,0x30,0x80,0xE5,
    0x10,0x80,0xBD,0xE8,0x71,0xFF,0xFF,0xEB,0x00,0x00,0x50,0xE3,0x03,0x00,0x00,0x0A,
    0x44,0x00,0x94,0xE5,0x00,0x00,0x50,0xE3,0x30,0x00,0x94,0x15,0xC0,0x00,0x80,0x12,
    0x34,0x00,0x84,0xE5,0x10,0x80,0xBD,0xE8,0x00,0x00,0x51,0xE3,0x10,0x40,0x2D,0xE9,
    0x00,0x40,0xA0,0xE1,0x1C,0x10,0x80,0xE5,0x01,0x00,0x00,0x1A,0x20,0x10,0x84,0xE5,
    0x10,0x80,0xBD,0xE8,0x61,0xFF,0xFF,0xEB,0x00,0x10,0x50,0xE2,0xFA,0xFF,0xFF,0x0A,
    0x28,0x30,0x94,0xE5,0x00,0x00,0x53,0xE3,0xE0,0x10,0xA0,0x13,0x00,0x10,0xA0,0x03,
    0x20,0x10,0x84,0xE5,0x10,0x80,0xBD,0xE8,0x10,0x40,0x2D,0xE9,0x00,0x40,0xA0,0xE1,
    0x56,0xFF,0xFF,0xEB,0x00,0x00,0x50,0xE3,0x08,0x00,0x00,0x0A,0x28,0x40,0x94,0xE5,
    0x00,0x00,0x54,0xE3,0x05,0x00,0x00,0x0A,0x04,0x00,0xA0,0xE1,0xCE,0xF4,0xFF,0xEB,
    0x00,0x00,0x50,0xE3,0x01,0x00,0x00,0x0A,0x1C,0x00,0x94,0xE5,0x10,0x80,0xBD,0xE8,
    0x00,0x00,0xA0,0xE3,0x10,0x80,0xBD,0xE8,0x10,0x40,0x2D,0xE9,0x00,0x40,0xA0,0xE1,
    0x46,0xFF,0xFF,0xEB,0x00,0x00,0x50,0xE3,0x08,0x00,0x00,0x0A,0x28,0x40,0x94,0xE5,
    0x00,0x00,0x54,0xE3,0x05,0x00,0x00,0x0A,0x04,0x00,0xA0,0xE1,0xBE,0xF4,0xFF,0xEB,
    0x00,0x00,0x50,0xE3,0x01,0x00,0x00,0x0A,0x20,0x00,0x94,0xE5,0x10,0x80,0xBD,0xE8,
    0x00,0x00,0xA0,0xE3,0x10,0x80,0xBD,0xE8,0x10,0x40,0x2D,0xE9,0x00,0x40,0xA0,0xE1,
    0x36,0xFF,0xFF,0xEB,0x00,0x00,0x50,0xE3,0x08,0x00,0x00,0x0A,0x28,0x40,0x94,0xE5,
    0x00,0x00,0x54,0xE3,0x05,0x00,0x00,0x0A,0x04,0x00,0xA0,0xE1,0xAE,0xF4,0xFF,0xEB,
    0x00,0x00,0x50,0xE3,0x01,0x00,0x00,0x0A,0x00,0x0B,0x94,0xED,0x10,0x80,0xBD,0xE8,
    0x30,0x0E,0x80,0xF2,0x10,0x80,0xBD,0xE8,0x10,0x40,0x2D,0xE9,0x00,0x40,0xA0,0xE1,
    0x26,0xFF,0xFF,0xEB,0x00,0x00,0x50,0xE3,0x08,0x00,0x00,0x0A,0x28,0x40,0x94,0xE5,
    0x00,0x00,0x54,0xE3,0x05,0x00,0x00,0x0A,0x04,0x00,0xA0,0xE1,0x9E,0xF4,0xFF,0xEB,
    0x00,0x00,0x50,0xE3,0x01,0x00,0x00,0x0A,0x02,0x0B,0x94,0xED,0x10,0x80,0xBD,0xE8,
    0x30,0x0E,0x80,0xF2,0x10,0x80,0xBD,0xE8,0x10,0x40,0x2D,0xE9,0x00,0x40,0xA0,0xE1,
    0x16,0xFF,0xFF,0xEB,0x00,0x00,0x50,0xE3,0x0E,0x00,0x00,0x0A,0x20,0x30,0x94,0xE5,
    0x00,0x00,0x53,0xE3,0x0B,0x00,0x00,0x0A,0x28,0x00,0x94,0xE5,0x61,0xFA,0xFF,0xEB,
    0x00,0x00,0x50,0xE3,0x02,0x00,0x00,0x0A,0xD0,0x20,0xC0,0xE1,0xF8,0x20,0xC4,0xE1,
    0x10,0x80,0xBD,0xE8,0x00,0x30,0x94,0xE5,0x00,0x30,0x93,0xE5,0x14,0x30,0x93,0xE5,
    0x00,0x00,0x53,0xE3,0x01,0x00,0x00,0x1A,0x00,0x00,0xA0,0xE3,0x10,0x80,0xBD,0xE8,
    0x14,0x30,0x94,0xE5,0x00,0x00,0x53,0xE3,0x01,0x30,0xA0,0x03,0x10,0x30,0x84,0x05,
    0xF8,0xFF,0xFF,0x0A,0x04,0x00,0xA0,0xE1,0x5A,0xED,0xFF,0xEB,0xF5,0xFF,0xFF,0xEA,
    0xF0,0x47,0x2D,0xE9,0x00,0x40,0xA0,0xE1,0x06,0x8B,0x2D,0xED,0x01,0x60,0xA0,0xE1,
    0x40,0x9B,0xB0,0xEE,0xF5,0xFE,0xFF,0xEB,0x00,0x00,0x50,0xE3,0x4F,0x00,0x00,0x0A,
    0x20,0x50,0x94,0xE5,0x00,0x00,0x55,0xE3,0x4C,0x00,0x00,0x0A,0x00,0x00,0x94,0xE5,
    0x00,0x0B,0xFF,0xEE,0x08,0xAB,0x90,0xED,0x60,0xAB,0xB4,0xEE,0x10,0xFA,0xF1,0xEE,
    0x3F,0x00,0x00,0x0A,0x05,0x10,0xA0,0xE1,0x2C,0xF2,0xFF,0xEB,0xC0,0x9B,0xB5,0xEE,
    0x10,0xFA,0xF1,0xEE,0x40,0x8B,0xB0,0xEE,0x3E,0x00,0x00,0x4A,0xC9,0x0B,0xB4,0xEE,
    0x10,0xFA,0xF1,0xEE,0x49,0x8B,0xB0,0x5E,0x05,0x10,0xA0,0xE1,0x00,0x00,0x94,0xE5,
    0x01,0x20,0xA0,0xE3,0x48,0x0B,0xB0,0xEE,0x7E,0xF2,0xFF,0xEB,0x00,0x50,0x50,0xE2,
    0x36,0x00,0x00,0x0A,0x28,0x90,0x94,0xE5,0x00,0x70,0xA0,0xE3,0x34,0x80,0x94,0xE5,
    0x07,0x10,0xA0,0xE1,0x34,0x70,0x84,0xE5,0x9C,0x00,0x99,0xE5,0x17,0xED,0xFF,0xEB,
    0x02,0x0B,0xD5,0xED,0x00,0x20,0xE0,0xE3,0x28,0x30,0x94,0xE5,0x14,0x10,0x95,0xE5,
    0x24,0x00,0x94,0xE5,0xCA,0xAB,0x30,0xEE,0x00,0x0B,0xD3,0xED,0x18,0x70,0x89,0xE5,
    0x40,0x20,0x89,0xE5,0xD4,0x72,0x89,0xE5,0x20,0x0B,0x6A,0xEE,0x10,0x20,0x95,0xE5,
    0xE0,0x7B,0xFD,0xEE,0x30,0x0E,0xC0,0xF2,0x04,0x0B,0xC9,0xED,0x06,0x7A,0xC3,0xED,
    0x04,0xAB,0x83,0xED,0x85,0xED,0xFF,0xEB,0x28,0x00,0x94,0xE5,0x11,0xFA,0xFF,0xEB,
    0x07,0x00,0x56,0xE1,0x1C,0x00,0x00,0x0A,0x07,0x00,0x50,0xE1,0x34,0x80,0x84,0x05,
    0x04,0x00,0x00,0x1A,0x0A,0x00,0x00,0xEA,0x28,0x00,0x94,0xE5,0x09,0xFA,0xFF,0xEB,
    0x00,0x00,0x50,0xE3,0x1A,0x00,0x00,0x0A,0x00,0x0B,0xD0,0xED,0xC8,0x0B,0xF4,0xEE,
    0x10,0xFA,0xF1,0xEE,0xF7,0xFF,0xFF,0x4A,0xD0,0x20,0xC0,0xE1,0x34,0x80,0x84,0xE5,
    0xF8,0x20,0xC4,0xE1,0x06,0x8B,0xBD,0xEC,0x00,0x30,0xA0,0xE3,0x10,0x30,0x84,0xE5,
    0xF0,0x87,0xBD,0xE8,0x05,0x10,0xA0,0xE1,0xB2,0xF1,0xFF,0xEB,0x00,0x00,0x94,0xE5,
    0x40,0xAB,0xB0,0xEE,0xBA,0xFF,0xFF,0xEA,0x30,0x8E,0x80,0xF2,0xC1,0xFF,0xFF,0xEA,
    0x06,0x8B,0xBD,0xEC,0x00,0x00,0xA0,0xE3,0xF0,0x87,0xBD,0xE8,0x00,0x00,0x50,0xE3,
    0x34,0x80,0x84,0xE5,0x03,0x00,0x00,0x0A,0xD0,0x20,0xC0,0xE1,0xF8,0x20,0xC4,0xE1,
    0xEB,0xFF,0xFF,0xEA,0x34,0x80,0x84,0xE5,0x00,0x00,0xA0,0xE3,0xE8,0xFF,0xFF,0xEA,
    0x00,0x00,0x51,0xE3,0x10,0x40,0x2D,0xE9,0x00,0x40,0xA0,0xE1,0x2C,0x10,0x80,0xE5,
    0x01,0x00,0x00,0x1A,0x34,0x10,0x84,0xE5,0x10,0x80,0xBD,0xE8,0x8F,0xFE,0xFF,0xEB,
    0x00,0x10,0x50,0xE2,0xFA,0xFF,0xFF,0x0A,0x44,0x10,0x94,0xE5,0x00,0x00,0x51,0xE3,
    0x30,0x10,0x94,0x15,0xC0,0x10,0x81,0x12,0x34,0x10,0x84,0xE5,0x10,0x80,0xBD,0xE8,
    0x10,0x40,0x2D,0xE9,0x00,0x40,0xA0,0xE1,0x00,0x00,0x90,0xE5,0xE7,0xEF,0xFF,0xEB,
    0x00,0x00,0x50,0xE3,0x01,0x00,0x00,0x1A,0x00,0x00,0xA0,0xE3,0x10,0x80,0xBD,0xE8,
    0x04,0x00,0xA0,0xE1,0x7D,0xFE,0xFF,0xEB,0x00,0x00,0x50,0xE3,0xF9,0xFF,0xFF,0x0A,
    0x28,0x00,0x94,0xE5,0x00,0x00,0x50,0xE3,0x02,0x00,0x00,0x0A,0xF6,0xF3,0xFF,0xEB,
    0x00,0x00,0x50,0xE3,0xF3,0xFF,0xFF,0x0A,0x44,0x40,0x94,0xE5,0x00,0x00,0x54,0xE3,
    0x09,0x00,0x00,0x0A,0x2C,0x30,0x94,0xE5,0x00,0x00,0x53,0xE3,0x06,0x00,0x00,0x1A,
    0x04,0x00,0xA0,0xE1,0xBA,0xFD,0xFF,0xEB,0x2C,0x30,0x94,0xE5,0x28,0x00,0x84,0xE5,
    0x00,0x00,0x53,0xE2,0x01,0x00,0xA0,0x13,0x10,0x80,0xBD,0xE8,0x01,0x00,0xA0,0xE3,
    0x10,0x80,0xBD,0xE8,0x2C,0x30,0x90,0xE5,0x00,0x00,0x53,0xE3,0x01,0x00,0x00,0x0A,
    0x01,0x00,0xA0,0xE3,0x1E,0xFF,0x2F,0xE1,0x10,0x40,0x2D,0xE9,0x00,0x40,0xA0,0xE1,
    0xAB,0xFD,0xFF,0xEB,0x00,0x30,0xA0,0xE1,0x28,0x30,0x84,0xE5,0x2C,0x00,0x94,0xE5,
    0x10,0x80,0xBD,0xE8,0x2C,0x30,0x90,0xE5,0x10,0x40,0x2D,0xE9,0x00,0x40,0xA0,0xE1,
    0x00,0x00,0x53,0xE3,0x04,0x00,0x00,0x0A,0x0C,0x30,0x94,0xE5,0x24,0x20,0x9F,0xE5,
    0x83,0x30,0xA0,0xE1,0xB3,0x00,0x92,0xE1,0x10,0x80,0xBD,0xE8,0x9C,0xFD,0xFF,0xEB,
    0x00,0x30,0xA0,0xE1,0x2C,0x00,0x94,0xE5,0x28,0x30,0x84,0xE5,0x00,0x00,0x50,0xE3,
    0x10,0x80,0xBD,0x08,0xF3,0xFF,0xFF,0xEA,0x30,0x81,0x50,0x04,0x10,0x40,0x2D,0xE9,
    0x00,0x40,0xA0,0xE1,0x45,0xFE,0xFF,0xEB,0x00,0x00,0x50,0xE3,0x10,0x00,0x00,0x0A,
    0x44,0x40,0x94,0xE5,0x00,0x00,0x54,0xE3,0x0D,0x00,0x00,0x0A,0x2C,0x30,0x94,0xE5,
    0x00,0x00,0x53,0xE3,0x04,0x00,0x00,0x0A,0x0C,0x30,0x94,0xE5,0x28,0x20,0x9F,0xE5,
    0x83,0x30,0xA0,0xE1,0xB3,0x00,0x92,0xE1,0x10,0x80,0xBD,0xE8,0x04,0x00,0xA0,0xE1,
    0x83,0xFD,0xFF,0xEB,0x2C,0x30,0x94,0xE5,0x28,0x00,0x84,0xE5,0x00,0x00,0x53,0xE3,
    0xF4,0xFF,0xFF,0x1A,0x00,0x00,0xA0,0xE3,0x10,0x80,0xBD,0xE8,0x30,0x81,0x50,0x04,
    0xF0,0x41,0x2D,0xE9,0x88,0x47,0x09,0xE3,0x50,0x44,0x40,0xE3,0x30,0x60,0x90,0xE5,
    0x82,0x22,0x84,0xE0,0x01,0x20,0x82,0xE0,0x06,0x00,0xA0,0xE1,0x10,0x1E,0x52,0xE5,
    0x0F,0x70,0x01,0xE2,0x41,0x52,0xA0,0xE1,0x05,0x10,0xA0,0xE1,0x68,0xED,0xFF,0xEB,
    0x00,0x00,0x50,0xE3,0x02,0x00,0x00,0x0A,0x05,0x10,0xA0,0xE1,0x06,0x00,0xA0,0xE1,
    0x90,0xEB,0xFF,0xEB,0x07,0x42,0x84,0xE0,0x00,0x00,0x84,0xE0,0xB0,0x0D,0x50,0xE5,
    0x00,0x00,0x50,0xE3,0x08,0x30,0x9F,0x15,0x01,0x00,0x40,0x12,0x00,0x01,0x83,0x10,
    0xF0,0x81,0xBD,0xE8,0x38,0x8A,0x50,0x04,0x81,0xC2,0x82,0xE0,0x82,0x20,0x82,0xE0,
    0x81,0x10,0x81,0xE0,0x0E,0xC0,0x8C,0xE2,0xF0,0x47,0x2D,0xE9,0x78,0xA4,0x00,0xE3,
    0x0C,0x71,0x90,0xE7,0x02,0xA1,0x8A,0xE0,0x81,0x22,0x82,0xE0,0x81,0xA3,0x8A,0xE0,
    0x06,0x8B,0x2D,0xED,0x03,0x20,0x82,0xE0,0x00,0x00,0x57,0xE3,0x5E,0x20,0x82,0xE2,
    0x02,0x21,0x90,0xE7,0x08,0xD0,0x4D,0xE2,0x0A,0x80,0x80,0xE0,0x4E,0x00,0x00,0x0A,
    0x3F,0x00,0x52,0xE3,0x00,0x60,0xA0,0xE1,0x48,0x00,0x00,0x0A,0x56,0x35,0x05,0xE3,
    0x01,0x00,0xA0,0xE3,0x55,0x35,0x45,0xE3,0x93,0x12,0xC3,0xE0,0x88,0x17,0x09,0xE3,
    0x50,0x14,0x40,0xE3,0xC2,0x3F,0x43,0xE0,0x83,0xC0,0x83,0xE0,0x10,0x03,0xA0,0xE1,
    0x0C,0x20,0x42,0xE0,0x02,0x11,0x81,0xE0,0x0C,0x5D,0x11,0xE5,0xC0,0x50,0x85,0xE0,
    0x55,0x53,0xA0,0xE1,0x45,0x96,0xA0,0xE1,0x55,0x50,0xEB,0xE7,0x02,0x30,0xD7,0xE5,
    0xB0,0x40,0xD7,0xE1,0x30,0x00,0x96,0xE5,0x00,0x00,0x53,0xE3,0x03,0x10,0xD7,0xE5,
    0x10,0x5B,0x89,0xEE,0x10,0x9B,0x88,0xEE,0x25,0x00,0x00,0x1A,0x4A,0xED,0xFF,0xEB,
    0x0A,0x00,0x86,0xE7,0x30,0x00,0x96,0xE5,0x03,0x10,0xD7,0xE5,0x46,0xED,0xFF,0xEB,
    0x04,0x00,0x88,0xE5,0x30,0x00,0x96,0xE5,0x03,0x10,0xD7,0xE5,0x42,0xED,0xFF,0xEB,
    0x8F,0xA7,0x28,0xF4,0x00,0x60,0xA0,0xE1,0x01,0x40,0x84,0xE2,0x01,0x08,0xA0,0xE3,
    0x04,0x10,0xA0,0xE1,0xC4,0x40,0xA0,0xE1,0x01,0x40,0x44,0xE2,0x6B,0x08,0x00,0xFA,
    0x90,0x4B,0x80,0xEE,0x06,0x30,0x44,0xE0,0x90,0x0B,0x82,0xEE,0x90,0x03,0x00,0xE0,
    0x8A,0x08,0x60,0xF3,0x18,0x12,0xC0,0xF2,0xB2,0x09,0x60,0xF2,0x95,0x00,0x05,0xE0,
    0x99,0x00,0x00,0xE0,0x02,0x5B,0x85,0xE2,0x45,0x06,0x80,0xE0,0x20,0x19,0x69,0xF2,
    0x40,0x06,0xA0,0xE1,0x08,0x00,0x88,0xE5,0x31,0x10,0xF4,0xF2,0x20,0x19,0x68,0xF2,
    0x31,0x10,0xF4,0xF2,0x8F,0x17,0x48,0xF4,0x08,0xD0,0x8D,0xE2,0x06,0x8B,0xBD,0xEC,
    0xF0,0x87,0xBD,0xE8,0x24,0xED,0xFF,0xEB,0x04,0x10,0xA0,0xE1,0xF8,0x08,0x00,0xFA,
    0x01,0x70,0xA0,0xE1,0x04,0x10,0xA0,0xE1,0xF5,0x08,0x00,0xFA,0x00,0x70,0x8D,0xE5,
    0x00,0x60,0xA0,0xE1,0x04,0x10,0x8D,0xE5,0x00,0xAB,0x9D,0xED,0xD9,0xFF,0xFF,0xEA,
    0x00,0x50,0xA0,0xE3,0x05,0x90,0xA0,0xE1,0xC3,0xFF,0xFF,0xEA,0x10,0x00,0xC0,0xF2,
    0x08,0x70,0x88,0xE5,0x8F,0x07,0x48,0xF4,0x08,0xD0,0x8D,0xE2,0x06,0x8B,0xBD,0xEC,
    0xF0,0x87,0xBD,0xE8,0x01,0xC1,0x80,0xE0,0xF0,0x4F,0x2D,0xE9,0x01,0x41,0x90,0xE7,
    0x30,0x30,0x83,0xE2,0x03,0x31,0xA0,0xE1,0x18,0x00,0x9C,0xE5,0x10,0x8B,0x2D,0xED,
    0xAC,0xD0,0x4D,0xE2,0x48,0x50,0x9C,0xE5,0x04,0x00,0x8D,0xE5,0x54,0x00,0x9C,0xE5,
    0x74,0x91,0x9C,0xE5,0x68,0xB1,0x9C,0xE5,0x0C,0x00,0x8D,0xE5,0x20,0x01,0x9C,0xE5,
    0x5C,0xA1,0x9C,0xE5,0x50,0x81,0x9C,0xE5,0x10,0x00,0x8D,0xE5,0x60,0x00,0x9C,0xE5,
    0x44,0x71,0x9C,0xE5,0x38,0x61,0x9C,0xE5,0x14,0x00,0x8D,0xE5,0x14,0x01,0x9C,0xE5,
    0x0C,0xE0,0x9C,0xE5,0x24,0x10,0x9C,0xE5,0x18,0x00,0x8D,0xE5,0x6C,0x00,0x9C,0xE5,
    0x64,0x20,0x8D,0xE5,0x50,0x30,0x8D,0xE5,0x1C,0x00,0x8D,0xE5,0x08,0x01,0x9C,0xE5,
    0x30,0x20,0x9C,0xE5,0x3C,0x30,0x9C,0xE5,0x08,0x50,0x8D,0xE5,0x20,0x00,0x8D,0xE5,
    0x2C,0x51,0x9C,0xE5,0x78,0x00,0x9C,0xE5,0xFD,0x5A,0xDF,0xED,0xFD,0x1A,0x9F,0xED,
    0x24,0x00,0x8D,0xE5,0xFC,0x00,0x9C,0xE5,0xFB,0x6A,0xDF,0xED,0xFB,0x0A,0x9F,0xED,
    0x28,0x00,0x8D,0xE5,0x84,0x00,0x9C,0xE5,0xF9,0x2A,0x9F,0xED,0xF9,0x3A,0x9F,0xED,
    0x2C,0x00,0x8D,0xE5,0xF0,0x00,0x9C,0xE5,0xF7,0x3A,0xDF,0xED,0xF7,0x4A,0x9F,0xED,
    0x30,0x00,0x8D,0xE5,0x90,0x00,0x9C,0xE5,0xF5,0x2A,0xDF,0xED,0xF5,0x1A,0xDF,0xED,
    0x34,0x00,0x8D,0xE5,0xE4,0x00,0x9C,0xE5,0xF3,0x0A,0xDF,0xED,0xF3,0x8A,0x9F,0xED,
    0x38,0x00,0x8D,0xE5,0x9C,0x00,0x9C,0xE5,0xF1,0x9A,0x9F,0xED,0xF1,0xEA,0xDF,0xED,
    0x3C,0x00,0x8D,0xE5,0xD8,0x00,0x9C,0xE5,0xEF,0xAA,0x9F,0xED,0xEF,0xFA,0xDF,0xED,
    0x40,0x00,0x8D,0xE5,0xA8,0x00,0x9C,0xE5,0xED,0xCA,0x9F,0xED,0xED,0xFA,0x9F,0xED,
    0x44,0x00,0x8D,0xE5,0xCC,0x00,0x9C,0xE5,0xEB,0xDA,0xDF,0xED,0xEB,0xDA,0x9F,0xED,
    0x48,0x00,0x8D,0xE5,0xB4,0x00,0x9C,0xE5,0xC0,0xC0,0x9C,0xE5,0xE8,0x5A,0x9F,0xED,
    0x4C,0x00,0x8D,0xE5,0x09,0x00,0x44,0xE0,0x09,0x40,0x84,0xE0,0xE5,0x4A,0xDF,0xED,
    0x10,0x0A,0x06,0xEE,0x04,0x00,0x9D,0xE5,0x90,0x4A,0x08,0xEE,0x0B,0x40,0x4E,0xE0,
    0x0B,0xE0,0x8E,0xE0,0xE8,0xBA,0xB8,0xEE,0xC6,0x6A,0xB8,0xEE,0x90,0xEA,0x08,0xEE,
    0x0A,0xE0,0x40,0xE0,0x0A,0x00,0x80,0xE0,0xE8,0xAA,0xF8,0xEE,0x90,0xEA,0x0B,0xEE,
    0x08,0xE0,0x41,0xE0,0x26,0x6A,0x26,0xEE,0x08,0x10,0x81,0xE0,0xEB,0xBA,0xF8,0xEE,
    0x90,0x4A,0x06,0xEE,0xD4,0xCA,0xDF,0xED,0xE6,0x6A,0xF8,0xEE,0xA5,0xBA,0x6B,0xEE,
    0x90,0xEA,0x05,0xEE,0x07,0xE0,0x42,0xE0,0x07,0x20,0x82,0xE0,0xCF,0x7A,0xDF,0xED,
    0xE5,0x5A,0xF8,0xEE,0x80,0x6A,0x66,0xEE,0x10,0x0A,0x00,0xEE,0xC0,0x9A,0xF8,0xEE,
    0x81,0x5A,0x65,0xEE,0x10,0x1A,0x00,0xEE,0x08,0x10,0x9D,0xE5,0x10,0x00,0x9D,0xE5,
    0x15,0x5A,0xCD,0xED,0x90,0xEA,0x05,0xEE,0x06,0xE0,0x43,0xE0,0xC0,0x8A,0xF8,0xEE,
    0x06,0x30,0x83,0xE0,0xE5,0x5A,0xF8,0xEE,0x10,0x2A,0x01,0xEE,0xC1,0x0A,0xB8,0xEE,
    0x10,0x3A,0x01,0xEE,0x82,0x2A,0x25,0xEE,0x90,0xEA,0x05,0xEE,0x05,0xE0,0x41,0xE0,
    0xC1,0x1A,0xB8,0xEE,0xE5,0x5A,0xF8,0xEE,0x16,0x2A,0x8D,0xED,0xB8,0x7A,0x9F,0xED,
    0x83,0x3A,0x25,0xEE,0x90,0xEA,0x05,0xEE,0x05,0xE0,0x81,0xE0,0x0C,0x10,0x9D,0xE5,
    0xE5,0x5A,0xF8,0xEE,0x10,0xEA,0x02,0xEE,0x00,0xE0,0x41,0xE0,0x17,0x3A,0x8D,0xED,
    0xC2,0x2A,0xB8,0xEE,0xA3,0x3A,0x65,0xEE,0x90,0xEA,0x05,0xEE,0x00,0xE0,0x81,0xE0,
    0xE5,0x5A,0xF8,0xEE,0x18,0x3A,0xCD,0xED,0x10,0xEA,0x03,0xEE,0x84,0xEA,0x25,0xEE,
    0xC3,0x3A,0xB8,0xEE,0x03,0xEA,0x8D,0xED,0x14,0x10,0x9D,0xE5,0x18,0x00,0x9D,0xE5,
    0x50,0x20,0x9D,0xE5,0x00,0xE0,0x41,0xE0,0x90,0xEA,0x05,0xEE,0x00,0xE0,0x81,0xE0,
    0x1C,0x10,0x9D,0xE5,0x20,0x00,0x9D,0xE5,0xE5,0x5A,0xF8,0xEE,0x90,0xEA,0x03,0xEE,
    0x00,0xE0,0x41,0xE0,0xE3,0x3A,0xF8,0xEE,0xA2,0x4A,0x25,0xEE,0x90,0xEA,0x05,0xEE,
    0x00,0xE0,0x81,0xE0,0x24,0x10,0x9D,0xE5,0xE5,0x5A,0xF8,0xEE,0x28,0x00,0x9D,0xE5,
    0x90,0xEA,0x02,0xEE,0x04,0x4A,0x8D,0xED,0xA1,0x5A,0x65,0xEE,0x00,0xE0,0x41,0xE0,
    0xE2,0x2A,0xF8,0xEE,0x05,0x5A,0xCD,0xED,0x90,0xEA,0x05,0xEE,0x00,0xE0,0x81,0xE0,
    0x2C,0x10,0x9D,0xE5,0x30,0x00,0x9D,0xE5,0xE5,0x5A,0xF8,0xEE,0x90,0xEA,0x01,0xEE,
    0x00,0xE0,0x41,0xE0,0xE1,0x1A,0xF8,0xEE,0xA0,0x0A,0x65,0xEE,0x90,0xEA,0x05,0xEE,
    0x00,0xE0,0x81,0xE0,0x34,0x10,0x9D,0xE5,0x38,0x00,0x9D,0xE5,0xE5,0x5A,0xF8,0xEE,
    0x06,0x0A,0xCD,0xED,0x90,0xEA,0x00,0xEE,0x00,0xE0,0x41,0xE0,0x88,0x4A,0x25,0xEE,
    0x90,0xEA,0x05,0xEE,0x00,0xE0,0x81,0xE0,0x3C,0x10,0x9D,0xE5,0x40,0x00,0x9D,0xE5,
    0xE5,0x5A,0xF8,0xEE,0x10,0xEA,0x08,0xEE,0x00,0xE0,0x41,0xE0,0x01,0x4A,0x8D,0xED,
    0xC8,0x8A,0xB8,0xEE,0x89,0x9A,0x25,0xEE,0x10,0xEA,0x04,0xEE,0x00,0xE0,0x81,0xE0,
    0x44,0x10,0x9D,0xE5,0x48,0x00,0x9D,0xE5,0x07,0x9A,0x8D,0xED,0x10,0xEA,0x09,0xEE,
    0x00,0xE0,0x41,0xE0,0xC4,0x4A,0xB8,0xEE,0xC9,0x9A,0xB8,0xEE,0x10,0xEA,0x0E,0xEE,
    0x00,0xE0,0x81,0xE0,0x4C,0x10,0x9D,0xE5,0xCE,0xEA,0xB8,0xEE,0x0A,0x4A,0x24,0xEE,
    0x0C,0x00,0x81,0xE0,0x10,0xEA,0x0A,0xEE,0xE0,0x0A,0xF8,0xEE,0x2E,0xEA,0x2E,0xEE,
    0x90,0x0A,0x0E,0xEE,0x0C,0x00,0x41,0xE0,0xCA,0xAA,0xB8,0xEE,0x90,0x0A,0x05,0xEE,
    0xEE,0xEA,0xF8,0xEE,0xE5,0x5A,0xF8,0xEE,0x64,0x10,0x9D,0xE5,0xAF,0x5A,0x65,0xEE,
    0x02,0x30,0x81,0xE0,0x2E,0xFA,0x7B,0xEE,0xC0,0x20,0x42,0xE2,0x6E,0xEA,0x7B,0xEE,
    0x02,0x20,0x81,0xE0,0x8A,0xBA,0x3A,0xEE,0x20,0xC0,0x82,0xE2,0xCA,0xAA,0x7A,0xEE,
    0x30,0x00,0x82,0xE2,0x89,0xAA,0x39,0xEE,0x00,0x10,0xA0,0xE3,0xC9,0x9A,0x79,0xEE,
    0x88,0x9A,0x38,0xEE,0xC8,0x8A,0x78,0xEE,0x20,0x8A,0x30,0xEE,0x60,0x0A,0x30,0xEE,
    0x8C,0x0A,0x6E,0xEE,0x02,0x8A,0xCD,0xED,0x8F,0x8A,0x6A,0xEE,0x45,0xAA,0xDF,0xED,
    0x08,0x0A,0xCD,0xED,0x21,0x0A,0x71,0xEE,0x61,0x1A,0x31,0xEE,0x22,0x1A,0x72,0xEE,
    0x62,0x2A,0x32,0xEE,0x41,0x2A,0xDF,0xED,0x02,0xEA,0xDD,0xED,0xAA,0xAA,0x69,0xEE,
    0x3D,0x9A,0xDF,0xED,0x22,0x2A,0x60,0xEE,0xA9,0x9A,0x6E,0xEE,0x3C,0xEA,0xDF,0xED,
    0x0A,0x2A,0xCD,0xED,0x23,0x2A,0x73,0xEE,0x63,0x3A,0x73,0xEE,0x2E,0xEA,0x61,0xEE,
    0x39,0x1A,0x9F,0xED,0x37,0x3A,0x9F,0xED,0x09,0x9A,0xCD,0xED,0x81,0x1A,0x23,0xEE,
    0xA2,0x3A,0x7F,0xEE,0xE2,0xFA,0x7F,0xEE,0x03,0x9A,0x62,0xEE,0x21,0x3A,0x3B,0xEE,
    0x61,0x1A,0x7B,0xEE,0xAD,0xBA,0x2F,0xEE,0x20,0x2A,0x7A,0xEE,0x08,0x2A,0x39,0xEE,
    0x60,0x0A,0x7A,0xEE,0x48,0x8A,0x39,0xEE,0x0B,0xBA,0x8D,0xED,0x8D,0xBA,0x21,0xEE,
    0x82,0x1A,0x73,0xEE,0xC2,0x2A,0x33,0xEE,0x22,0x3A,0x73,0xEE,0x62,0x3A,0x33,0xEE,
    0xAC,0xFA,0x60,0xEE,0x27,0x0A,0x68,0xEE,0x24,0x8A,0x22,0xEE,0x05,0x3A,0x23,0xEE,
    0x0C,0xBA,0x8D,0xED,0x0D,0xFA,0xCD,0xED,0x0E,0x0A,0xCD,0xED,0x0F,0x8A,0x8D,0xED,
    0x1E,0x00,0x00,0xEA,0x5B,0xF4,0x03,0x3F,0x68,0xF2,0x07,0x3F,0x85,0x27,0x00,0x3F,
    0x8B,0x66,0x01,0x3F,0x38,0x98,0x0D,0x3F,0x3A,0x3B,0x15,0x3F,0x6E,0x5C,0x1F,0x3F,
    0x3D,0xC0,0x2C,0x3F,0xEE,0x99,0x3E,0x3F,0x9E,0xDF,0x56,0x3F,0x3B,0xFA,0x78,0x3F,
    0x35,0xB0,0x95,0x3F,0x1B,0xF9,0xBD,0x3F,0x42,0x16,0x5A,0x40,0xAF,0xB2,0x03,0x40,
    0x46,0x0A,0x23,0x41,0x8D,0x9E,0x00,0x3F,0x78,0xC2,0x05,0x3F,0xF7,0x81,0x02,0x3F,
    0xBD,0xF1,0x19,0x3F,0x75,0x3D,0xA7,0x3F,0xD4,0x8B,0x0A,0x3F,0xD7,0x64,0x66,0x3F,
    0xCF,0x06,0x24,0x40,0xF3,0x04,0x35,0x3F,0x3F,0x23,0x11,0x3F,0x1D,0x96,0x25,0x3F,
    0x80,0xC4,0x49,0x3F,0x49,0xC4,0x87,0x3F,0x26,0x79,0xDC,0x3F,0x9C,0x3C,0xA3,0x40,
    0x10,0x3A,0x8D,0xED,0xE3,0x3A,0x31,0xEE,0xA3,0x3A,0x71,0xEE,0x15,0x1A,0xDD,0xED,
    0x07,0x9A,0x9D,0xED,0x07,0x2A,0x63,0xEE,0x63,0x3A,0xF1,0xEE,0xC4,0x3A,0x3B,0xEE,
    0x00,0x3A,0xC3,0xED,0x65,0x3A,0x76,0xEE,0x02,0x2A,0xCD,0xED,0xC9,0x2A,0x71,0xEE,
    0x01,0x2A,0x9D,0xED,0x8C,0xCA,0x23,0xEE,0x89,0x3A,0x71,0xEE,0x17,0x1A,0x5F,0xED,
    0x16,0x8A,0x9D,0xED,0x17,0xAA,0x9D,0xED,0x06,0x0A,0x9D,0xED,0x21,0x3A,0x23,0xEE,
    0x1B,0x1A,0x5F,0xED,0x42,0x2A,0x38,0xEE,0x05,0xFA,0xDD,0xED,0x84,0x4A,0x3B,0xEE,
    0xA1,0x2A,0x62,0xEE,0x1F,0x1A,0x5F,0xED,0x18,0xBA,0xDD,0xED,0x25,0x6A,0x36,0xEE,
    0x40,0x0A,0x7A,0xEE,0x21,0x2A,0x22,0xEE,0x01,0x1A,0xDD,0xED,0xCE,0x5A,0x76,0xEE,
    0xEF,0x9A,0x3B,0xEE,0x8E,0x6A,0x76,0xEE,0x21,0x1A,0x78,0xEE,0x00,0x8A,0x3A,0xEE,
    0x29,0xAA,0x1F,0xED,0x03,0xEA,0x9D,0xED,0x8F,0x5A,0x65,0xEE,0x04,0xFA,0x9D,0xED,
    0x8A,0x0A,0x60,0xEE,0x2D,0xAA,0x1F,0xED,0x4F,0xBA,0x3E,0xEE,0x0A,0xAA,0x29,0xEE,
    0x2F,0x9A,0x1F,0xED,0x09,0x9A,0x2B,0xEE,0xAF,0xBA,0x3B,0xEE,0x0F,0xBA,0x7E,0xEE,
    0x48,0xEA,0x34,0xEE,0xE1,0xFA,0x33,0xEE,0x08,0x8A,0x34,0xEE,0xCB,0x4A,0x36,0xEE,
    0x8B,0x6A,0x76,0xEE,0xA1,0x1A,0x73,0xEE,0x6B,0x3A,0x76,0xEE,0x2B,0x6A,0x36,0xEE,
    0x2C,0xBA,0x2E,0xEE,0xC8,0xEA,0x36,0xEE,0x27,0xBA,0x6F,0xEE,0x61,0xFA,0x36,0xEE,
    0x88,0x6A,0x76,0xEE,0xCA,0x8A,0x35,0xEE,0x01,0xEA,0x8D,0xED,0x0D,0x4A,0x24,0xEE,
    0x60,0xEA,0x33,0xEE,0x21,0x6A,0x36,0xEE,0x4F,0x0A,0xB0,0xEE,0x49,0x1A,0x7C,0xEE,
    0xC2,0xFA,0x32,0xEE,0x4B,0xFA,0x74,0xEE,0x09,0x9A,0x3C,0xEE,0x0D,0xCA,0x28,0xEE,
    0x2C,0x8A,0x2E,0xEE,0x8A,0xAA,0x35,0xEE,0x20,0x0A,0x73,0xEE,0xAD,0x5A,0x61,0xEE,
    0x27,0x3A,0x2F,0xEE,0x85,0x1A,0x6F,0xEE,0x48,0xFA,0x3C,0xEE,0x08,0xFA,0x7C,0xEE,
    0xC3,0x8A,0x35,0xEE,0x82,0x2A,0x72,0xEE,0xAD,0x3A,0x63,0xEE,0x24,0x2A,0x20,0xEE,
    0x48,0x0A,0xB0,0xEE,0x62,0xEA,0x39,0xEE,0xEB,0xCA,0x33,0xEE,0x22,0x9A,0x39,0xEE,
    0x05,0xFA,0x2F,0xEE,0x24,0x2A,0x60,0xEE,0x83,0x5A,0x75,0xEE,0x01,0x3A,0x9D,0xED,
    0x24,0x8A,0x2C,0xEE,0xCF,0x0A,0x32,0xEE,0x60,0xCA,0x3A,0xEE,0x05,0x3A,0x23,0xEE,
    0x8F,0xFA,0x32,0xEE,0xAB,0x3A,0x73,0xEE,0x05,0xCA,0x2C,0xEE,0x0B,0x4A,0x34,0xEE,
    0xEF,0xBA,0x75,0xEE,0x24,0xEA,0x2E,0xEE,0xAF,0xFA,0x75,0xEE,0x07,0x5A,0x60,0xEE,
    0x43,0x0A,0x32,0xEE,0x01,0xFA,0x8D,0xED,0x4C,0xBA,0x3E,0xEE,0xC4,0xFA,0x33,0xEE,
    0x0C,0xEA,0x3E,0xEE,0x07,0xCA,0x20,0xEE,0x01,0x0A,0x9D,0xED,0x07,0x2A,0x6B,0xEE,
    0x20,0x0A,0x7A,0xEE,0x87,0xBA,0x2B,0xEE,0x61,0xAA,0x38,0xEE,0x21,0xBA,0x78,0xEE,
    0x07,0x1A,0x6F,0xEE,0x03,0xFA,0x32,0xEE,0x25,0x3A,0x30,0xEE,0x07,0xAA,0x2A,0xEE,
    0x22,0x8A,0x3E,0xEE,0x84,0x0A,0x33,0xEE,0x83,0x3A,0x7F,0xEE,0x66,0xEA,0x36,0xEE,
    0x26,0x6A,0x36,0xEE,0x25,0x2A,0x3B,0xEE,0x0C,0x4A,0x3F,0xEE,0x8A,0xBA,0x7B,0xEE,
    0x03,0x3A,0x3B,0xEE,0x23,0xBA,0x38,0xEE,0x01,0x6A,0x8D,0xED,0x07,0x6A,0x2E,0xEE,
    0x60,0xEA,0x39,0xEE,0x8A,0x6A,0x71,0xEE,0x20,0xFA,0x39,0xEE,0xAB,0x1A,0x71,0xEE,
    0x82,0x9A,0x32,0xEE,0x2B,0xBA,0x70,0xEE,0x0B,0x0A,0x34,0xEE,0x07,0x0A,0x6E,0xEE,
    0xA5,0x2A,0x72,0xEE,0x89,0xEA,0x36,0xEE,0x03,0x0A,0x8D,0xED,0x23,0x3A,0x7F,0xEE,
    0x01,0x0A,0x9D,0xED,0x09,0xFA,0x3C,0xEE,0x8B,0x9A,0x3B,0xEE,0x03,0x8A,0x38,0xEE,
    0x83,0x3A,0x30,0xEE,0x82,0x0A,0x70,0xEE,0x22,0xBA,0x3A,0xEE,0x22,0xCA,0x3C,0xEE,
    0x23,0x2A,0x30,0xEE,0x49,0x2A,0xF1,0xEE,0x03,0x0A,0x9D,0xED,0x20,0x9A,0x36,0xEE,
    0x03,0x6A,0x36,0xEE,0xA3,0x3A,0x7B,0xEE,0x83,0xBA,0x71,0xEE,0x40,0x3A,0xB1,0xEE,
    0x01,0x6A,0x8D,0xED,0x01,0x0A,0x9D,0xED,0x08,0x4A,0x34,0xEE,0x25,0xFA,0x7A,0xEE,
    0xA0,0xAA,0x36,0xEE,0x40,0x6A,0xF1,0xEE,0x6B,0x6A,0xB1,0xEE,0x88,0x8A,0x31,0xEE,
    0x42,0x1A,0xF1,0xEE,0x63,0x2A,0xB1,0xEE,0x44,0x3A,0xF1,0xEE,0x02,0xBA,0xDD,0xED,
    0x01,0x1A,0x43,0xED,0x01,0x1A,0xC3,0xED,0x03,0x2A,0x03,0xED,0x03,0x2A,0x83,0xED,
    0x05,0x2A,0x43,0xED,0x05,0x2A,0xC3,0xED,0x07,0x3A,0x03,0xED,0x07,0x3A,0x83,0xED,
    0x09,0x3A,0x43,0xED,0x0F,0x6A,0x43,0xED,0x0F,0x6A,0xC3,0xED,0x08,0x6A,0xDD,0xED,
    0x0D,0x6A,0x03,0xED,0x0D,0x6A,0x83,0xED,0x6F,0x6A,0xB1,0xEE,0x81,0x0A,0x36,0xEE,
    0x09,0x2A,0x9D,0xED,0x48,0x4A,0xB1,0xEE,0x01,0x6A,0x8D,0xED,0xC1,0x6A,0x36,0xEE,
    0x0A,0x1A,0x9D,0xED,0x0B,0x4A,0x03,0xED,0x0B,0x4A,0x83,0xED,0xE9,0x4A,0x38,0xEE,
    0xEE,0x6A,0x7A,0xEE,0x09,0x3A,0xC3,0xED,0x41,0x3A,0x72,0xEE,0x0D,0x4A,0x24,0xEE,
    0x01,0x2A,0x32,0xEE,0xA9,0x8A,0x78,0xEE,0x2D,0x6A,0x26,0xEE,0xAE,0xAA,0x7A,0xEE,
    0xAC,0x6A,0x66,0xEE,0xA7,0x7A,0x63,0xEE,0x42,0x1A,0x30,0xEE,0xEA,0x3A,0x78,0xEE,
    0x02,0x2A,0x30,0xEE,0x66,0x0A,0x34,0xEE,0x26,0x6A,0x74,0xEE,0x67,0x4A,0x36,0xEE,
    0x24,0x1A,0x21,0xEE,0x05,0x0A,0x20,0xEE,0x27,0x7A,0x76,0xEE,0x85,0x3A,0x63,0xEE,
    0x24,0x6A,0x24,0xEE,0xAA,0xAA,0x78,0xEE,0x6B,0x8A,0xB1,0xEE,0x63,0x4A,0x31,0xEE,
    0x23,0x3A,0x71,0xEE,0x40,0x1A,0x36,0xEE,0x10,0x8A,0x03,0xED,0x6A,0x8A,0x32,0xEE,
    0x2A,0xAA,0x72,0xEE,0x07,0x1A,0x21,0xEE,0xE6,0x2A,0x37,0xEE,0xA6,0x7A,0x77,0xEE,
    0x00,0x6A,0x76,0xEE,0x07,0x4A,0x24,0xEE,0x07,0x2A,0x22,0xEE,0x07,0x8A,0x28,0xEE,
    0x81,0x6A,0x76,0xEE,0x84,0x3A,0x73,0xEE,0x0D,0xCA,0xDD,0xED,0x01,0x6A,0x32,0xEE,
    0xA6,0x7A,0x77,0xEE,0x26,0x6A,0x72,0xEE,0x49,0x0A,0xF1,0xEE,0x06,0x2A,0x38,0xEE,
    0xA7,0xAA,0x7A,0xEE,0xA7,0x7A,0x73,0xEE,0xA6,0x3A,0x73,0xEE,0x26,0x6A,0x78,0xEE,
    0x6A,0xAA,0xF1,0xEE,0x67,0x7A,0xF1,0xEE,0x63,0x3A,0xF1,0xEE,0x66,0x6A,0xF1,0xEE,
    0x0A,0x3A,0x43,0xED,0x0A,0x3A,0xC3,0xED,0x0E,0x3A,0xDD,0xED,0x02,0xAA,0x43,0xED,
    0x02,0xAA,0xC3,0xED,0x0E,0x6A,0x43,0xED,0x0C,0xAA,0xDD,0xED,0x0E,0x6A,0xC3,0xED,
    0x0B,0x6A,0xDD,0xED,0x06,0x7A,0x43,0xED,0x06,0x7A,0xC3,0xED,0x06,0x6A,0x34,0xEE,
    0xE3,0x7A,0x76,0xEE,0xA3,0x6A,0x76,0xEE,0xEC,0x3A,0x7A,0xEE,0xAC,0xAA,0x7A,0xEE,
    0xA4,0x7A,0x67,0xEE,0x10,0xCA,0xDD,0xED,0x85,0x3A,0x63,0xEE,0xEA,0x5A,0x36,0xEE,
    0xAA,0xAA,0x76,0xEE,0x01,0x0A,0x34,0xEE,0xE3,0x6A,0x77,0xEE,0xA3,0x7A,0x77,0xEE,
    0x07,0x5A,0x25,0xEE,0x11,0x0A,0x43,0xED,0x87,0x6A,0x66,0xEE,0x46,0x4A,0xB1,0xEE,
    0x42,0x8A,0xB1,0xEE,0x4A,0x3A,0xB1,0xEE,0xA6,0x7A,0x77,0xEE,0x26,0x4A,0x75,0xEE,
    0x4E,0x2A,0xF1,0xEE,0x4F,0x1A,0xF1,0xEE,0xA7,0xAA,0x7A,0xEE,0x27,0x7A,0x75,0xEE,
    0x4C,0x0A,0xF1,0xEE,0x4B,0xBA,0xF1,0xEE,0x6A,0xAA,0xF1,0xEE,0x67,0x7A,0xF1,0xEE,
    0x04,0xAA,0x43,0xED,0x0C,0x7A,0x43,0xED,0x0C,0x7A,0xC3,0xED,0x0F,0x7A,0xDD,0xED,
    0x04,0xAA,0xC3,0xED,0x40,0x8A,0xF1,0xEE,0x41,0x9A,0xF1,0xEE,0xEC,0xAA,0x77,0xEE,
    0xAC,0x7A,0x77,0xEE,0x64,0x3A,0xF1,0xEE,0x66,0x5A,0xB1,0xEE,0x87,0xAA,0x6A,0xEE,
    0xAA,0x7A,0x77,0xEE,0x6A,0x7A,0xB1,0xEE,0x67,0x7A,0xF1,0xEE,0x08,0x7A,0x43,0xED,
    0x08,0x7A,0xC3,0xED,0x02,0x7A,0xDD,0xED,0x12,0x8A,0x03,0xED,0x24,0x6A,0x8D,0xED,
    0x26,0x7A,0xCD,0xED,0x27,0x9A,0x8D,0xED,0x28,0x2A,0x8D,0xED,0x29,0xAA,0x8D,0xED,
    0x22,0x4A,0xCD,0xED,0x23,0xEA,0x8D,0xED,0x25,0xFA,0x8D,0xED,0x1E,0xAA,0xCD,0xED,
    0x1F,0xCA,0x8D,0xED,0x20,0x0A,0x8D,0xED,0x21,0xBA,0x8D,0xED,0x01,0x6A,0x9D,0xED,
    0x1E,0x0B,0xDD,0xED,0x20,0x1B,0xDD,0xED,0x22,0x2B,0xDD,0xED,0x24,0x3B,0xDD,0xED,
    0x26,0x4B,0xDD,0xED,0x28,0x5B,0xDD,0xED,0x16,0x4A,0x03,0xED,0x65,0x4A,0xB1,0xEE,
    0x13,0x3A,0x03,0xED,0x14,0x3A,0x43,0xED,0x15,0x2A,0x43,0xED,0x17,0x1A,0x43,0xED,
    0x18,0x7A,0x03,0xED,0x19,0x0A,0x43,0xED,0x1A,0x8A,0x43,0xED,0x1B,0xBA,0x43,0xED,
    0x1C,0x5A,0x03,0xED,0x1D,0x6A,0x03,0xED,0x1E,0x9A,0x43,0xED,0x1F,0x4A,0x03,0xED,
    0x1A,0x6A,0xCD,0xED,0x8D,0x4A,0x42,0xF4,0x8F,0x2A,0x42,0xF4,0x8F,0x0A,0x4C,0xF4,
    0x1B,0xFA,0xCD,0xED,0x1C,0x1A,0x8D,0xED,0x1D,0x5A,0xCD,0xED,0x1A,0x0B,0xDD,0xED,
    0x1C,0x1B,0xDD,0xED,0x8F,0x0A,0x40,0xF4,0x80,0x10,0x03,0xE5,0xAC,0xD0,0x8D,0xE2,
    0x10,0x8B,0xBD,0xEC,0xF0,0x8F,0xBD,0xE8,0x1C,0x30,0x90,0xE5,0xF0,0x4F,0x2D,0xE9,
    0x88,0x97,0x09,0xE3,0x50,0x94,0x40,0xE3,0x10,0x10,0x90,0xE5,0x03,0x30,0x53,0xE2,
    0x00,0xB0,0xA0,0xE1,0x01,0x30,0xA0,0x13,0x0C,0x20,0x90,0xE5,0x03,0x32,0x89,0xE0,
    0x02,0x8B,0x2D,0xED,0x44,0xD0,0x4D,0xE2,0x01,0x30,0x83,0xE0,0xF0,0x3C,0x53,0xE5,
    0x83,0x30,0x83,0xE0,0x03,0x30,0x89,0xE0,0x02,0x30,0x83,0xE0,0x00,0x2D,0x53,0xE5,
    0x3F,0x30,0x02,0xE2,0x24,0x20,0x8D,0xE5,0x42,0xA3,0xA0,0xE1,0x20,0x20,0x90,0xE5,
    0x04,0x30,0x8D,0xE5,0x03,0x00,0x52,0xE1,0xB8,0x01,0x00,0xDA,0x00,0x00,0x53,0xE3,
    0x20,0x30,0x80,0xE5,0xBC,0x00,0x00,0x0A,0x00,0x67,0x9F,0xE5,0x34,0x80,0x8B,0xE2,
    0x00,0x70,0xA0,0xE3,0x8A,0x62,0x86,0xE0,0x01,0x50,0xD6,0xE4,0x30,0x20,0x9B,0xE5,
    0x0F,0x40,0x05,0xE2,0x45,0x52,0xA0,0xE1,0x02,0x00,0xA0,0xE1,0x00,0x20,0x8D,0xE5,
    0x05,0x10,0xA0,0xE1,0x26,0xEA,0xFF,0xEB,0x00,0x30,0x50,0xE2,0x04,0x00,0x00,0x0A,
    0x00,0x20,0x9D,0xE5,0x05,0x10,0xA0,0xE1,0x02,0x00,0xA0,0xE1,0x4D,0xE8,0xFF,0xEB,
    0x00,0x30,0xA0,0xE1,0x04,0x42,0xA0,0xE1,0x05,0x10,0xA0,0xE1,0x04,0x20,0x89,0xE0,
    0x03,0x30,0x82,0xE0,0xB0,0x3D,0x53,0xE5,0x00,0x00,0x53,0xE3,0xA0,0x26,0x9F,0x15,
    0x01,0x30,0x43,0x12,0x03,0x31,0x82,0x10,0x30,0x20,0x9B,0xE5,0x04,0x30,0xA8,0xE5,
    0x02,0x00,0xA0,0xE1,0x00,0x20,0x8D,0xE5,0x11,0xEA,0xFF,0xEB,0x00,0x30,0x50,0xE2,
    0x04,0x00,0x00,0x0A,0x00,0x20,0x9D,0xE5,0x05,0x10,0xA0,0xE1,0x02,0x00,0xA0,0xE1,
    0x38,0xE8,0xFF,0xEB,0x00,0x30,0xA0,0xE1,0x04,0x40,0x89,0xE0,0x01,0x70,0x87,0xE2,
    0x03,0x30,0x84,0xE0,0xB0,0x3D,0x53,0xE5,0x00,0x00,0x53,0xE3,0x50,0x26,0x9F,0x15,
    0x01,0x30,0x43,0x12,0x03,0x31,0x82,0x10,0x20,0x20,0x9B,0xE5,0x80,0x30,0x88,0xE5,
    0x07,0x00,0x52,0xE1,0xCF,0xFF,0xFF,0xCA,0x04,0x30,0x9D,0xE5,0x02,0x00,0x53,0xE1,
    0x26,0x00,0x00,0xDA,0x24,0x56,0x9F,0xE5,0x8A,0xA2,0xA0,0xE1,0x04,0x30,0x9D,0xE5,
    0x0D,0x80,0x82,0xE2,0x01,0x40,0x4A,0xE2,0x08,0x81,0x8B,0xE0,0x01,0x60,0x45,0xE2,
    0x02,0x40,0x84,0xE0,0x03,0x60,0x86,0xE0,0x04,0x40,0x85,0xE0,0x0A,0x60,0x86,0xE0,
    0xC0,0x50,0x85,0xE2,0x01,0xA0,0xF4,0xE5,0x30,0x20,0x9B,0xE5,0x0F,0x70,0x0A,0xE2,
    0x4A,0xA2,0xA0,0xE1,0x02,0x00,0xA0,0xE1,0x00,0x20,0x8D,0xE5,0x0A,0x10,0xA0,0xE1,
    0xE7,0xE9,0xFF,0xEB,0x00,0x20,0x9D,0xE5,0x00,0x30,0xA0,0xE1,0x00,0x00,0x53,0xE3,
    0x0A,0x10,0xA0,0xE1,0x02,0x00,0xA0,0xE1,0x01,0x00,0x00,0x0A,0x0D,0xE8,0xFF,0xEB,
    0x00,0x30,0xA0,0xE1,0x07,0x72,0x89,0xE0,0x03,0x30,0x87,0xE0,0xB0,0x2D,0x53,0xE5,
    0x00,0x00,0x52,0xE3,0x01,0x30,0x42,0xE2,0x03,0x31,0x85,0xE0,0x02,0x30,0xA0,0x01,
    0x06,0x00,0x54,0xE1,0x84,0x30,0x88,0xE5,0x04,0x30,0xA8,0xE5,0xE4,0xFF,0xFF,0x1A,
    0x1C,0x30,0x9B,0xE5,0x03,0x00,0x53,0xE3,0x04,0x30,0x9D,0xE5,0x02,0x80,0xA0,0x13,
    0x01,0x80,0xA0,0x03,0x00,0x00,0x53,0xE3,0x57,0x00,0x00,0x0A,0x88,0x82,0xA0,0xE1,
    0x04,0x30,0x9D,0xE5,0x0B,0xA1,0x4B,0xE0,0x0B,0x50,0xA0,0xE1,0x08,0x70,0x8B,0xE0,
    0x00,0x80,0x8D,0xE5,0x07,0x20,0xA0,0xE1,0x07,0x80,0xA0,0xE1,0x38,0xA0,0x8A,0xE2,
    0x0B,0x90,0x83,0xE0,0x0B,0x70,0xA0,0xE1,0x02,0x60,0xA0,0xE1,0x0A,0x30,0xA0,0xE1,
    0x05,0xA0,0xA0,0xE1,0x03,0x40,0xA0,0xE1,0x0A,0x31,0x94,0xE7,0x02,0x10,0xA0,0xE3,
    0x00,0x00,0x53,0xE3,0x0C,0x00,0x00,0x0A,0x30,0x30,0x9B,0xE5,0x03,0x00,0xA0,0xE1,
    0x08,0x30,0x8D,0xE5,0xB6,0xE9,0xFF,0xEB,0x08,0x30,0x9D,0xE5,0x00,0xC0,0x50,0xE2,
    0x02,0x10,0xA0,0xE3,0x03,0x00,0xA0,0xE1,0x0C,0x30,0xA0,0x01,0x01,0x00,0x00,0x0A,
    0xDC,0xE7,0xFF,0xEB,0x70,0x30,0xEF,0xE6,0x38,0x31,0xCA,0xE5,0x20,0xA0,0x8A,0xE2,
    0x06,0x00,0x5A,0xE1,0xEB,0xFF,0xFF,0x1A,0x1C,0x30,0x9B,0xE5,0x01,0x50,0x85,0xE2,
    0x04,0xA0,0xA0,0xE1,0x01,0x60,0x86,0xE2,0x03,0x00,0x53,0xE3,0x37,0x31,0xD5,0x05,
    0x57,0x31,0xC5,0x05,0x09,0x00,0x55,0xE1,0xDF,0xFF,0xFF,0x1A,0x07,0x60,0xA0,0xE1,
    0x08,0x70,0xA0,0xE1,0x00,0x80,0x9D,0xE5,0x05,0x50,0x88,0xE0,0x08,0x90,0x47,0xE0,
    0x06,0x40,0xA0,0xE1,0x09,0x31,0x9A,0xE7,0x00,0x00,0x53,0xE3,0x11,0x00,0x00,0x0A,
    0x38,0x31,0xD9,0xE5,0x03,0x00,0x53,0xE3,0x03,0xF1,0x9F,0x97,0x0D,0x00,0x00,0xEA,
    0xD8,0x65,0x50,0x04,0x0C,0x66,0x50,0x04,0xAC,0x65,0x50,0x04,0x50,0x61,0x50,0x04,
    0x06,0x10,0xA0,0xE3,0x30,0x00,0x9B,0xE5,0xAB,0xE9,0xFF,0xEB,0x06,0x10,0xA0,0xE3,
    0x78,0x01,0x84,0xE5,0x30,0x00,0x9B,0xE5,0xA7,0xE9,0xFF,0xEB,0x5F,0x3F,0x84,0xE2,
    0x90,0x0B,0x80,0xEE,0x8F,0x07,0x43,0xF4,0x20,0x90,0x89,0xE2,0x06,0x4D,0x84,0xE2,
    0x07,0x00,0x59,0xE1,0xE6,0xFF,0xFF,0x1A,0x1C,0x30,0x9B,0xE5,0x03,0x00,0x53,0xE3,
    0x05,0x00,0x00,0x1A,0x5E,0x3F,0x86,0xE2,0x8F,0x07,0x63,0xF4,0xBE,0x3F,0x86,0xE2,
    0x8F,0x07,0x43,0xF4,0x80,0x31,0x96,0xE5,0x00,0x33,0x86,0xE5,0x01,0x70,0x87,0xE2,
    0x0C,0x60,0x86,0xE2,0x05,0x00,0x57,0xE1,0xD7,0xFF,0xFF,0x1A,0x04,0x10,0x9D,0xE5,
    0x0C,0x30,0xA0,0xE3,0x78,0x24,0x00,0xE3,0x17,0xAB,0x8B,0xE2,0x08,0xA0,0x8A,0xE2,
    0x47,0x8E,0x8B,0xE2,0x5B,0x5C,0x8B,0xE2,0xFB,0x8A,0x9F,0xED,0x83,0x21,0x03,0xE1,
    0x08,0x80,0x88,0xE2,0x88,0x50,0x85,0xE2,0xEE,0x0D,0x8B,0xE2,0x03,0x30,0x8B,0xE0,
    0x1E,0xCD,0x8B,0xE2,0x28,0x30,0x8D,0xE5,0x0B,0x3B,0x8B,0xE2,0x08,0x30,0x83,0xE2,
    0x00,0x60,0xA0,0xE3,0x0C,0x30,0x8D,0xE5,0x0A,0x30,0xA0,0xE1,0x08,0x00,0x80,0xE2,
    0x05,0xA0,0xA0,0xE1,0x04,0xC0,0x8C,0xE2,0x08,0x50,0xA0,0xE1,0x03,0x80,0xA0,0xE1,
    0x86,0x30,0x86,0xE0,0x0B,0x90,0xA0,0xE1,0x0A,0x70,0xA0,0xE1,0x1C,0xC0,0x8D,0xE5,
    0x83,0x43,0xA0,0xE1,0x08,0xB0,0xA0,0xE1,0x05,0x80,0xA0,0xE1,0x20,0x00,0x8D,0xE5,
    0x06,0x3D,0x84,0xE2,0x2C,0x30,0x8D,0xE5,0x20,0xA0,0x99,0xE5,0x00,0x00,0x5A,0xE3,
    0x00,0x50,0xA0,0xC3,0xCD,0x00,0x00,0xDA,0x05,0x20,0xA0,0xE1,0x06,0x30,0xA0,0xE1,
    0x00,0x10,0xA0,0xE3,0x09,0x00,0xA0,0xE1,0xEE,0xFB,0xFF,0xEB,0x05,0x20,0xA0,0xE1,
    0x06,0x30,0xA0,0xE1,0x01,0x10,0xA0,0xE3,0x09,0x00,0xA0,0xE1,0xE9,0xFB,0xFF,0xEB,
    0x20,0xA0,0x99,0xE5,0x01,0x50,0x85,0xE2,0x05,0x00,0x5A,0xE1,0xF1,0xFF,0xFF,0xCA,
    0x04,0x30,0x9D,0xE5,0x03,0x00,0x5A,0xE1,0x1A,0x00,0x00,0xAA,0x8A,0x50,0x8A,0xE0,
    0x00,0x40,0x8D,0xE5,0x04,0x40,0x9D,0xE5,0x08,0x30,0xA0,0xE1,0x05,0x51,0x89,0xE0,
    0x07,0x80,0xA0,0xE1,0x0A,0x70,0xA0,0xE1,0x5F,0x5E,0x85,0xE2,0x03,0xA0,0xA0,0xE1,
    0x08,0x50,0x85,0xE2,0x06,0x30,0xA0,0xE1,0x07,0x20,0xA0,0xE1,0x00,0x10,0xA0,0xE3,
    0x09,0x00,0xA0,0xE1,0xD3,0xFB,0xFF,0xEB,0x06,0x3D,0x45,0xE2,0x01,0x70,0x87,0xE2,
    0x07,0x00,0x54,0xE1,0x8F,0x07,0x63,0xF4,0x78,0x31,0x15,0xE5,0x8F,0x07,0x45,0xF4,
    0x0C,0x50,0x85,0xE2,0x04,0x30,0x05,0xE5,0xF1,0xFF,0xFF,0x1A,0x00,0x40,0x9D,0xE5,
    0x08,0x70,0xA0,0xE1,0x0A,0x80,0xA0,0xE1,0x24,0x30,0x9D,0xE5,0x20,0x00,0x13,0xE3,
    0x0C,0x00,0x00,0x1A,0x28,0x30,0x9D,0xE5,0x5F,0x1E,0x89,0xE2,0x10,0x00,0xC0,0xF2,
    0x08,0x10,0x81,0xE2,0x06,0x2D,0x83,0xE2,0x00,0x00,0xA0,0xE3,0x08,0x00,0x83,0xE5,
    0x8F,0x07,0x43,0xF4,0x0C,0x30,0x83,0xE2,0x8F,0x07,0x42,0xF4,0x7C,0x01,0x83,0xE5,
    0x01,0x00,0x53,0xE1,0xF6,0xFF,0xFF,0x1A,0x24,0xA0,0x99,0xE5,0x00,0x20,0xA0,0xE3,
    0x30,0x60,0x8D,0xE5,0x04,0x60,0xA0,0xE1,0x34,0x40,0x8D,0xE5,0x08,0x40,0xA0,0xE1,
    0x0A,0x30,0xA0,0xE1,0x10,0x20,0x8D,0xE5,0x1C,0x20,0x9D,0xE5,0x40,0x30,0x43,0xE2,
    0x50,0x60,0xC0,0xF2,0x04,0xA0,0xA0,0xE1,0x53,0x30,0xE9,0xE7,0x38,0x60,0x8D,0xE5,
    0x24,0x30,0x89,0xE5,0x86,0x81,0x82,0xE0,0x20,0x20,0x9D,0xE5,0x3C,0x40,0x8D,0xE5,
    0x00,0x20,0x8D,0xE5,0x00,0x20,0xA0,0xE3,0x08,0x20,0x8D,0xE5,0x00,0x20,0x9D,0xE5,
    0x0A,0x00,0xA0,0xE1,0x10,0x10,0x9D,0xE5,0x05,0xFC,0xFF,0xEB,0x07,0x20,0xA0,0xE1,
    0x07,0x30,0xA0,0xE1,0x0D,0x6A,0x43,0xF4,0x0B,0x00,0x53,0xE1,0xFC,0xFF,0xFF,0x1A,
    0x24,0x30,0x99,0xE5,0x08,0x10,0x9D,0xE5,0x00,0x00,0x73,0xE2,0x14,0x30,0x8D,0xE5,
    0x7F,0x00,0x00,0xE2,0xC3,0x60,0xA0,0xE1,0x01,0x55,0xA0,0xE1,0x7F,0x10,0x03,0xE2,
    0x00,0x10,0x60,0x52,0x0C,0x00,0x9D,0xE5,0xC1,0x10,0xA0,0xE1,0x02,0xCC,0x66,0xE2,
    0x18,0x60,0x8D,0xE5,0xEE,0xEE,0x81,0xE2,0x01,0x40,0xA0,0xE1,0x02,0xE0,0x8E,0xE2,
    0x0C,0xC1,0x80,0xE0,0x05,0xE0,0x8E,0xE0,0x0E,0xE1,0x89,0xE0,0x80,0x30,0x4C,0xE2,
    0x07,0x00,0xA0,0xE1,0x0E,0x60,0xA0,0xE1,0x01,0x6A,0xF3,0xEC,0x01,0x7A,0xB6,0xEC,
    0x00,0x7A,0xD0,0xED,0x0C,0x00,0x53,0xE1,0x87,0x7A,0x46,0xEE,0x01,0x7A,0xE0,0xEC,
    0xF8,0xFF,0xFF,0x1A,0x80,0x40,0x84,0xE2,0x02,0xEC,0x8E,0xE2,0x01,0x0B,0x54,0xE3,
    0x01,0xCC,0x83,0xE2,0xF0,0xFF,0xFF,0x3A,0xFF,0x0F,0x61,0xE2,0x18,0x60,0x9D,0xE5,
    0x03,0x00,0x80,0xE2,0x80,0x10,0x81,0xE2,0xA0,0xC3,0xA0,0xE1,0x7F,0x40,0xC0,0xE3,
    0x01,0x40,0x84,0xE0,0x0C,0x10,0x9D,0xE5,0x0C,0xC3,0x66,0xE0,0x14,0x30,0x9D,0xE5,
    0x60,0xC0,0x8C,0xE2,0x0C,0xE1,0x81,0xE0,0x4D,0x1D,0x64,0xE2,0x02,0x10,0x81,0xE2,
    0x05,0x10,0x81,0xE0,0x46,0x4E,0x64,0xE2,0x01,0x51,0x89,0xE0,0x80,0x10,0x4E,0xE2,
    0x07,0x00,0xA0,0xE1,0x05,0xC0,0xA0,0xE1,0x01,0x6A,0xF1,0xEC,0x01,0x7A,0xBC,0xEC,
    0x00,0x7A,0xD0,0xED,0x0E,0x00,0x51,0xE1,0x87,0x7A,0x46,0xEE,0x01,0x7A,0xE0,0xEC,
    0xF8,0xFF,0xFF,0x1A,0x80,0x40,0x84,0xE2,0x02,0x5C,0x85,0xE2,0x01,0x0B,0x54,0xE3,
    0x01,0xEC,0x81,0xE2,0xF0,0xFF,0xFF,0x3A,0x08,0x10,0xA0,0xE1,0x01,0x7A,0xB2,0xEC,
    0x01,0x00,0xA0,0xE1,0x08,0x10,0x81,0xE2,0x0B,0x00,0x52,0xE1,0x08,0x7A,0xC7,0xEE,
    0x00,0x7A,0xC0,0xED,0xF8,0xFF,0xFF,0x1A,0x08,0x20,0x9D,0xE5,0x06,0xAD,0x8A,0xE2,
    0x04,0x80,0x88,0xE2,0x00,0x00,0x52,0xE3,0x00,0x20,0x9D,0xE5,0x01,0x2A,0x82,0xE2,
    0x00,0x20,0x8D,0xE5,0x01,0x20,0xA0,0x03,0x08,0x20,0x8D,0x05,0xA2,0xFF,0xFF,0x0A,
    0x10,0x20,0x9D,0xE5,0x38,0x60,0x9D,0xE5,0x3C,0x40,0x9D,0xE5,0x01,0x20,0x82,0xE2,
    0x03,0x00,0x52,0xE3,0x20,0x60,0x86,0xE2,0x10,0x20,0x8D,0xE5,0x8D,0xFF,0xFF,0x1A,
    0x04,0x80,0xA0,0xE1,0x34,0x40,0x9D,0xE5,0x2C,0x30,0x9D,0xE5,0x30,0x60,0x9D,0xE5,
    0x60,0x40,0x84,0xE2,0x03,0x00,0x54,0xE1,0x3E,0xFF,0xFF,0x1A,0x01,0x60,0x86,0xE2,
    0x08,0x50,0xA0,0xE1,0x03,0x00,0x56,0xE3,0x0B,0x80,0xA0,0xE1,0x1C,0xC0,0x9D,0xE5,
    0x07,0xA0,0xA0,0xE1,0x20,0x00,0x9D,0xE5,0x09,0xB0,0xA0,0xE1,0x2B,0xFF,0xFF,0x1A,
    0x30,0x20,0x99,0xE5,0x00,0x30,0x92,0xE5,0x07,0x30,0x83,0xE2,0x07,0x30,0xC3,0xE3,
    0x00,0x30,0x82,0xE5,0x44,0xD0,0x8D,0xE2,0x02,0x8B,0xBD,0xEC,0xF0,0x8F,0xBD,0xE8,
    0x04,0x30,0x9D,0xE5,0x0A,0x00,0x53,0xE1,0x3F,0xFF,0xFF,0xCA,0x5C,0xFF,0xFF,0xEA,
    0x00,0x00,0x52,0xE3,0x47,0xFE,0xFF,0xCA,0x7A,0xFE,0xFF,0xEA,0x30,0x00,0x9B,0xE5,
    0x06,0x10,0xA0,0xE3,0x94,0xE8,0xFF,0xEB,0x5E,0x3F,0x84,0xE2,0x90,0x0B,0x80,0xEE,
    0x80,0x01,0x84,0xE5,0x8F,0x07,0x43,0xF4,0xEA,0xFE,0xFF,0xEA,0x00,0x00,0x82,0xCE,
    0x78,0x89,0x50,0x04,0x38,0x8A,0x50,0x04,0x06,0x10,0xA0,0xE3,0x30,0x00,0x9B,0xE5,
    0x89,0xE8,0xFF,0xEB,0x06,0x10,0xA0,0xE3,0x78,0x01,0x84,0xE5,0x30,0x00,0x9B,0xE5,
    0x85,0xE8,0xFF,0xEB,0x06,0x10,0xA0,0xE3,0x7C,0x01,0x84,0xE5,0x30,0x00,0x9B,0xE5,
    0x81,0xE8,0xFF,0xEB,0x80,0x01,0x84,0xE5,0xDA,0xFE,0xFF,0xEA,0x06,0x10,0xA0,0xE3,
    0x30,0x00,0x9B,0xE5,0x7C,0xE8,0xFF,0xEB,0x5E,0x3F,0x84,0xE2,0x90,0x0B,0x80,0xEE,
    0x06,0x10,0xA0,0xE3,0x30,0x00,0x9B,0xE5,0x8F,0x07,0x43,0xF4,0x76,0xE8,0xFF,0xEB,
    0x80,0x01,0x84,0xE5,0xCF,0xFE,0xFF,0xEA,0x28,0x10,0x90,0xE5,0x10,0x40,0x2D,0xE9,
    0x00,0x40,0xA0,0xE1,0x30,0x00,0x90,0xE5,0x00,0x00,0x51,0xE3,0x1A,0x00,0x00,0x0A,
    0x81,0x11,0xA0,0xE1,0x4E,0xE8,0xFF,0xEB,0x00,0x00,0x50,0xE3,0x20,0x00,0x00,0x0A,
    0x04,0x00,0xA0,0xE1,0xFB,0xFD,0xFF,0xEB,0x0C,0x20,0x94,0xE5,0x00,0x00,0xA0,0xE3,
    0x7C,0x10,0x9F,0xE5,0x08,0x30,0x94,0xE5,0x00,0x2B,0xD4,0xED,0x82,0x20,0xA0,0xE1,
    0x28,0x00,0x84,0xE5,0x12,0x3D,0x83,0xE2,0xB2,0x20,0x91,0xE1,0x77,0x0E,0x84,0xE2,
    0x90,0x3A,0x07,0xEE,0x08,0x00,0x80,0xE2,0xE7,0x3B,0xF8,0xEE,0x90,0x2A,0x07,0xEE,
    0x1E,0x2D,0x84,0xE2,0x67,0x0B,0xF8,0xEE,0x02,0x2B,0x42,0xED,0x08,0x30,0x84,0xE5,
    0xA0,0x1B,0xC3,0xEE,0x00,0x1B,0xC4,0xED,0x10,0x80,0xBD,0xE8,0x30,0x10,0xA0,0xE3,
    0x33,0xE8,0xFF,0xEB,0x00,0x00,0x50,0xE3,0x05,0x00,0x00,0x0A,0x04,0x00,0xA0,0xE1,
    0x37,0xF8,0xFF,0xEB,0x00,0x00,0x50,0xE3,0x00,0x10,0xA0,0xE1,0x28,0x00,0x84,0xE5,
    0x01,0x00,0x00,0x1A,0x00,0x00,0xA0,0xE3,0x10,0x80,0xBD,0xE8,0x30,0x00,0x94,0xE5,
    0xD6,0xFF,0xFF,0xEA,0x30,0x81,0x50,0x04,0x48,0x30,0x90,0xE5,0xF0,0x47,0x2D,0xE9,
    0x00,0x40,0xA0,0xE1,0x06,0x8B,0x2D,0xED,0x00,0x00,0x53,0xE3,0x50,0x60,0x90,0xE5,
    0x40,0xAB,0xB0,0xEE,0x0A,0x00,0x00,0x0A,0x20,0x30,0x90,0xE5,0x00,0x00,0x53,0xE3,
    0x07,0x00,0x00,0x0A,0x00,0x00,0x56,0xE3,0x59,0x00,0x00,0x0A,0x34,0x50,0x90,0xE5,
    0x00,0x60,0xA0,0xE3,0x01,0x70,0xA0,0xE3,0x06,0x50,0x55,0xE0,0x01,0x50,0xA0,0x13,
    0x07,0x00,0x00,0xEA,0x00,0x00,0x56,0xE3,0x14,0x00,0x00,0x0A,0x34,0x30,0x94,0xE5,
    0x00,0x00,0x53,0xE3,0x11,0x00,0x00,0x0A,0x01,0x60,0xA0,0xE3,0x00,0x70,0xA0,0xE3,
    0x06,0x50,0xA0,0xE1,0x02,0x8B,0x94,0xED,0x00,0x80,0xA0,0xE3,0x0E,0x9B,0x94,0xED,
    0x08,0x90,0xA0,0xE1,0x08,0x8B,0x3A,0xEE,0x09,0x9B,0x38,0xEE,0x00,0x00,0x57,0xE3,
    0x0C,0x00,0x00,0x1A,0x00,0x00,0x55,0xE3,0x22,0x00,0x00,0x1A,0x06,0x60,0x99,0xE1,
    0x31,0x00,0x00,0x1A,0x02,0x0B,0xD4,0xED,0x8A,0x0B,0x70,0xEE,0x02,0x0B,0xC4,0xED,
    0x06,0x8B,0xBD,0xEC,0xF0,0x87,0xBD,0xE8,0xA2,0xFF,0xFF,0xEB,0x00,0x10,0x50,0xE2,
    0x20,0x00,0x00,0x1A,0x05,0x80,0xA0,0xE1,0x28,0x00,0x94,0xE5,0x04,0x0B,0xD0,0xED,
    0xE0,0x8B,0xB4,0xEE,0x10,0xFA,0xF1,0xEE,0xED,0xFF,0xFF,0xDA,0xFD,0xF3,0xFF,0xEB,
    0x00,0x10,0xA0,0xE1,0x04,0x00,0xA0,0xE1,0x00,0x00,0x51,0xE3,0x0A,0x00,0x00,0x0A,
    0x48,0x30,0x94,0xE5,0x4C,0x20,0x94,0xE5,0x33,0xFF,0x2F,0xE1,0x00,0x00,0x55,0xE3,
    0xF0,0xFF,0xFF,0x0A,0x44,0x00,0x94,0xE5,0x00,0x0B,0xD0,0xED,0xE0,0x9B,0xB4,0xEE,
    0x10,0xFA,0xF1,0xEE,0xEB,0xFF,0xFF,0xDA,0xE6,0xFF,0xFF,0xEA,0x00,0x00,0x55,0xE3,
    0x11,0x00,0x00,0x0A,0x05,0x90,0xA0,0xE1,0x44,0x00,0x94,0xE5,0x00,0x0B,0xD0,0xED,
    0xE0,0x9B,0xB4,0xEE,0x10,0xFA,0xF1,0xEE,0x07,0x00,0x00,0xDA,0x81,0xFF,0xFF,0xEB,
    0x00,0x10,0x50,0xE2,0xD4,0xFF,0xFF,0x0A,0x50,0x30,0x94,0xE5,0x04,0x00,0xA0,0xE1,
    0x54,0x20,0x94,0xE5,0x33,0xFF,0x2F,0xE1,0xCB,0xFF,0xFF,0xEA,0x06,0x60,0x99,0xE1,
    0xCF,0xFF,0xFF,0x0A,0x00,0x00,0x58,0xE3,0xCD,0xFF,0xFF,0x0A,0x00,0x30,0x94,0xE5,
    0x00,0x30,0x93,0xE5,0x14,0x30,0x93,0xE5,0x00,0x00,0x53,0xE3,0xC8,0xFF,0xFF,0x0A,
    0x14,0x30,0x94,0xE5,0x00,0x00,0x53,0xE3,0x01,0x30,0xA0,0x03,0x10,0x30,0x84,0x05,
    0xC6,0xFF,0xFF,0x0A,0x06,0x8B,0xBD,0xEC,0x04,0x00,0xA0,0xE1,0xF0,0x47,0xBD,0xE8,
    0xD8,0xE6,0xFF,0xEA,0x01,0x70,0xA0,0xE3,0x06,0x50,0xA0,0xE1,0xB0,0xFF,0xFF,0xEA,
    0x10,0x40,0x2D,0xE9,0x00,0x40,0xA0,0xE1,0x02,0x8B,0x2D,0xED,0x40,0x8B,0xB0,0xEE,
    0x72,0xF8,0xFF,0xEB,0x00,0x00,0x50,0xE3,0x04,0x00,0x00,0x0A,0x48,0x0B,0xB0,0xEE,
    0x04,0x00,0xA0,0xE1,0x02,0x8B,0xBD,0xEC,0x10,0x40,0xBD,0xE8,0x89,0xFF,0xFF,0xEA,
    0x02,0x8B,0xBD,0xEC,0x10,0x80,0xBD,0xE8,0x70,0x40,0x2D,0xE9,0x00,0x40,0xA0,0xE1,
    0x02,0x8B,0x2D,0xED,0x69,0xF9,0xFF,0xEB,0x00,0x10,0x50,0xE2,0x01,0x00,0xA0,0x01,
    0x40,0x00,0x00,0x0A,0x48,0x30,0x94,0xE5,0x00,0x00,0x53,0xE3,0x02,0x00,0x00,0x0A,
    0x4C,0x20,0x94,0xE5,0x04,0x00,0xA0,0xE1,0x33,0xFF,0x2F,0xE1,0x34,0x30,0x94,0xE5,
    0x00,0x00,0x53,0xE3,0x36,0x00,0x00,0x0A,0x00,0x00,0x94,0xE5,0x00,0x0B,0xFF,0xEE,
    0x08,0x8B,0x90,0xED,0x60,0x8B,0xB4,0xEE,0x10,0xFA,0xF1,0xEE,0x38,0x00,0x00,0x0A,
    0x44,0x50,0x94,0xE5,0x00,0x10,0xA0,0xE3,0x30,0x00,0x95,0xE5,0x93,0xE6,0xFF,0xEB,
    0x00,0x30,0xA0,0xE3,0x00,0x00,0xA0,0xE3,0x00,0x10,0xA0,0xE3,0x08,0x30,0x85,0xE5,
    0x28,0x30,0x85,0xE5,0xF0,0x00,0xC5,0xE1,0x00,0x00,0x94,0xE5,0xE4,0xEA,0xFF,0xEB,
    0x00,0x00,0x50,0xE3,0x22,0x00,0x00,0x0A,0x00,0x30,0x90,0xE5,0x20,0x20,0x94,0xE5,
    0x02,0x00,0x53,0xE1,0x21,0x00,0x00,0x0A,0x34,0x20,0x94,0xE5,0x02,0x00,0x53,0xE1,
    0xF4,0xFF,0xFF,0x1A,0x02,0x0B,0xD0,0xED,0x02,0x1B,0xD4,0xED,0xC8,0x0B,0x70,0xEE,
    0xE1,0x0B,0xF4,0xEE,0x10,0xFA,0xF1,0xEE,0xEE,0xFF,0xFF,0xDA,0x44,0xC0,0x94,0xE5,
    0x7C,0x20,0x9F,0xE5,0x14,0x10,0x90,0xE5,0x0C,0x30,0x9C,0xE5,0x00,0x0B,0xCC,0xED,
    0x83,0x30,0xA0,0xE1,0xB3,0x30,0x92,0xE1,0x10,0x20,0x90,0xE5,0x40,0x00,0x94,0xE5,
    0x90,0x3A,0x07,0xEE,0x67,0x1B,0xF8,0xEE,0xA0,0x0B,0x61,0xEE,0xE0,0x7B,0xFD,0xEE,
    0x02,0x7A,0xCC,0xED,0xED,0xE6,0xFF,0xEB,0x04,0x00,0xA0,0xE1,0x27,0xF8,0xFF,0xEB,
    0x00,0x00,0x50,0xE3,0x02,0x00,0x00,0x0A,0x30,0x0E,0x80,0xF2,0x04,0x00,0xA0,0xE1,
    0x40,0xFF,0xFF,0xEB,0x01,0x00,0xA0,0xE3,0x02,0x8B,0xBD,0xEC,0x70,0x80,0xBD,0xE8,
    0x10,0x20,0x90,0xE5,0x14,0x10,0x90,0xE5,0x24,0x00,0x94,0xE5,0xDF,0xE6,0xFF,0xEB,
    0xD0,0xFF,0xFF,0xEA,0x20,0x10,0x94,0xE5,0x22,0xEB,0xFF,0xEB,0x40,0x8B,0xB0,0xEE,
    0xC2,0xFF,0xFF,0xEA,0x30,0x81,0x50,0x04,0x10,0x40,0x2D,0xE9,0x00,0x40,0xA0,0xE1,
    0x12,0xF8,0xFF,0xEB,0x00,0x00,0x50,0xE3,0x0E,0x00,0x00,0x0A,0x34,0x30,0x94,0xE5,
    0x00,0x00,0x53,0xE3,0x0B,0x00,0x00,0x0A,0x44,0x00,0x94,0xE5,0xF9,0xFE,0xFF,0xEB,
    0x00,0x00,0x50,0xE3,0x02,0x00,0x00,0x0A,0xD0,0x20,0xC0,0xE1,0xF8,0x20,0xC4,0xE1,
    0x10,0x80,0xBD,0xE8,0x00,0x30,0x94,0xE5,0x00,0x30,0x93,0xE5,0x14,0x30,0x93,0xE5,
    0x00,0x00,0x53,0xE3,0x01,0x00,0x00,0x1A,0x00,0x00,0xA0,0xE3,0x10,0x80,0xBD,0xE8,
    0x14,0x30,0x94,0xE5,0x00,0x00,0x53,0xE3,0x01,0x30,0xA0,0x03,0x10,0x30,0x84,0x05,
    0xF8,0xFF,0xFF,0x0A,0x04,0x00,0xA0,0xE1,0x56,0xE6,0xFF,0xEB,0xF5,0xFF,0xFF,0xEA,
    0x04,0x10,0xA0,0xE3,0x47,0x36,0xA0,0xE3,0x01,0x20,0xA0,0xE3,0xAD,0x1E,0x4D,0xE3,
    0xF0,0x4F,0x2D,0xE9,0x08,0x8B,0x2D,0xED,0x6C,0xD0,0x4D,0xE2,0x00,0x10,0x83,0xE5,
    0x04,0x20,0x83,0xE5,0x0C,0x20,0x83,0xE5,0x3A,0x3F,0x07,0xEE,0x20,0x20,0xA0,0xE3,
    0x70,0x24,0x40,0xE3,0x3A,0x2F,0x07,0xEE,0x4F,0xF0,0x7F,0xF5,0x01,0x19,0xA0,0xE3,
    0x10,0xC0,0x93,0xE5,0x02,0x0C,0x00,0xE3,0x46,0x36,0xA0,0xE3,0x60,0x14,0x40,0xE3,
    0x03,0x29,0x80,0xE1,0x04,0x20,0x83,0xE4,0x01,0x00,0x53,0xE1,0xFB,0xFF,0xFF,0x1A,
    0x0E,0x0C,0x01,0xE3,0x02,0x1B,0xA0,0xE3,0x46,0x36,0xA0,0xE3,0x01,0x00,0x40,0xE3,
    0x60,0x14,0x40,0xE3,0x03,0x29,0x80,0xE1,0x04,0x20,0x83,0xE4,0x01,0x00,0x53,0xE1,
    0xFB,0xFF,0xFF,0x1A,0x02,0xEC,0x00,0xE3,0x46,0x36,0xA0,0xE3,0x0E,0x20,0xA0,0xE1,
    0x0E,0x00,0xA0,0xE1,0x0E,0x10,0xA0,0xE1,0x10,0x24,0x40,0xE3,0x70,0xE4,0x40,0xE3,
    0x00,0x00,0x5C,0xE3,0x1C,0xE1,0x83,0xE5,0x20,0x04,0x40,0xE3,0x04,0x21,0x83,0xE5,
    0x02,0x2C,0x00,0xE3,0x00,0x14,0x40,0xE3,0x20,0x25,0x40,0xE3,0x08,0x01,0x83,0xE5,
    0x00,0x11,0x83,0xE5,0x48,0x21,0x83,0xE5,0x06,0x00,0x00,0x0A,0x2C,0x2A,0xA0,0xE1,
    0x1F,0xC0,0xD3,0xE7,0x03,0x3B,0x8C,0xE3,0x02,0x21,0xA0,0xE1,0x02,0x30,0x83,0xE3,
    0x46,0x26,0x82,0xE2,0x00,0x30,0x82,0xE5,0x01,0x29,0xA0,0xE3,0x46,0x36,0xA0,0xE3,
    0x60,0x24,0x40,0xE3,0x3A,0x3F,0x07,0xEE,0x20,0x30,0x83,0xE2,0x02,0x00,0x53,0xE1,
    0xFB,0xFF,0xFF,0x1A,0x4F,0xF0,0x7F,0xF5,0x46,0x36,0xA0,0xE3,0x10,0x3F,0x02,0xEE,
    0x00,0x30,0xA0,0xE3,0x50,0x3F,0x02,0xEE,0x03,0x40,0xA0,0xE3,0x10,0x4F,0x03,0xEE,
    0x6F,0xF0,0x7F,0xF5,0x17,0x3F,0x08,0xEE,0x4F,0xF0,0x7F,0xF5,0x6F,0xF0,0x7F,0xF5,
    0x10,0x2F,0x11,0xEE,0x01,0x20,0x82,0xE3,0x10,0x2F,0x01,0xEE,0x6F,0xF0,0x7F,0xF5,
    0x30,0x2F,0x11,0xEE,0x47,0x20,0x82,0xE3,0x30,0x2F,0x01,0xEE,0x6F,0xF0,0x7F,0xF5,
    0x15,0x3F,0x07,0xEE,0x17,0x3F,0x08,0xEE,0x4F,0xF0,0x7F,0xF5,0x6F,0xF0,0x7F,0xF5,
    0x10,0x3F,0x11,0xEE,0x06,0x3B,0x83,0xE3,0x04,0x30,0x83,0xE3,0x10,0x3F,0x01,0xEE,
    0x6F,0xF0,0x7F,0xF5,0x47,0x96,0xA0,0xE3,0x02,0x30,0xA0,0xE3,0x04,0x30,0x89,0xE5,
    0x3A,0x9F,0x07,0xEE,0x4F,0xF0,0x7F,0xF5,0x36,0x9F,0x07,0xEE,0x20,0x60,0xA0,0xE3,
    0x70,0x64,0x40,0xE3,0x36,0x6F,0x07,0xEE,0x4F,0xF0,0x7F,0xF5,0x20,0x10,0x99,0xE5,
    0x24,0x20,0x99,0xE5,0x28,0x00,0x99,0xE5,0x2C,0x30,0x99,0xE5,0x04,0x40,0x89,0xE5,
    0x3A,0x9F,0x07,0xEE,0x4F,0xF0,0x7F,0xF5,0x00,0x00,0x52,0xE3,0x00,0x00,0x51,0x13,
    0x01,0x30,0xA0,0x03,0x00,0x30,0xA0,0x13,0x00,0x00,0x50,0xE3,0x01,0x30,0x83,0x03,
    0x00,0x00,0x53,0xE3,0x08,0x00,0x00,0x0A,0x01,0x30,0xA0,0xE3,0xD0,0x3A,0x4B,0xE3,
    0x30,0x30,0x89,0xE5,0x0C,0x40,0x89,0xE5,0x3A,0x9F,0x07,0xEE,0x3A,0x6F,0x07,0xEE,
    0x4F,0xF0,0x7F,0xF5,0x02,0xF0,0x20,0xE3,0xFD,0xFF,0xFF,0xEA,0xEC,0x7B,0x08,0xE3,
    0xE8,0x3B,0x08,0xE3,0x50,0x74,0x40,0xE3,0x50,0x34,0x40,0xE3,0x06,0x00,0x87,0xE9,
    0x12,0x25,0xA0,0xE3,0x00,0x20,0x83,0xE5,0x04,0x30,0xA0,0xE3,0x00,0x90,0x87,0xE5,
    0x04,0x30,0x89,0xE5,0x3A,0x9F,0x07,0xEE,0x4F,0xF0,0x7F,0xF5,0x01,0x08,0xA0,0xE3,
    0x4D,0xE5,0xFF,0xEB,0x00,0x30,0x50,0xE2,0x64,0x00,0x00,0x0A,0xA8,0x26,0x00,0xE3,
    0x05,0x10,0xA0,0xE3,0x50,0x24,0x40,0xE3,0x28,0x70,0x83,0xE5,0x1C,0x20,0x83,0xE5,
    0x04,0x10,0x89,0xE5,0x3A,0x9F,0x07,0xEE,0x4F,0xF0,0x7F,0xF5,0x01,0x10,0xA0,0xE3,
    0xA2,0xF7,0xFF,0xEB,0x06,0x30,0xA0,0xE3,0x44,0x00,0x8D,0xE5,0x00,0x40,0xA0,0xE1,
    0x04,0x30,0x89,0xE5,0x3A,0x9F,0x07,0xEE,0x4F,0xF0,0x7F,0xF5,0x00,0x00,0x50,0xE3,
    0x5B,0x00,0x00,0x0A,0xFB,0xF7,0xFF,0xEB,0x00,0x80,0xA0,0xE1,0x04,0x00,0xA0,0xE1,
    0x08,0xF8,0xFF,0xEB,0x10,0xC0,0x99,0xE5,0x00,0x40,0xA0,0xE1,0x14,0x10,0x99,0xE5,
    0x07,0x20,0xA0,0xE3,0x18,0x00,0x99,0xE5,0x1C,0x30,0x99,0xE5,0x48,0xC0,0x8D,0xE5,
    0x4C,0x10,0x8D,0xE5,0x50,0x00,0x8D,0xE5,0x23,0x51,0xA0,0xE1,0x04,0x20,0x89,0xE5,
    0x3A,0x9F,0x07,0xEE,0x4F,0xF0,0x7F,0xF5,0x00,0x00,0x51,0xE3,0x00,0x00,0x5C,0x13,
    0x07,0x00,0x00,0x0A,0x00,0x00,0x53,0xE3,0x00,0x00,0x50,0x13,0x01,0x30,0xA0,0x03,
    0x00,0x30,0xA0,0x13,0x05,0x00,0x51,0xE1,0x01,0x30,0x83,0x83,0x00,0x00,0x53,0xE3,
    0x44,0x00,0x00,0x0A,0x07,0x20,0xA0,0xE3,0xD0,0x2A,0x4B,0xE3,0x47,0x36,0xA0,0xE3,
    0x00,0x10,0xA0,0xE3,0x20,0x80,0x83,0xE5,0x09,0x00,0xA0,0xE3,0x24,0x40,0x83,0xE5,
    0x28,0x10,0x83,0xE5,0x2C,0x10,0x93,0xE5,0x2C,0x10,0x83,0xE5,0x03,0x10,0xA0,0xE3,
    0x30,0x20,0x83,0xE5,0x34,0x50,0x83,0xE5,0x04,0x00,0x83,0xE5,0x47,0x26,0xA0,0xE3,
    0x0C,0x10,0x82,0xE5,0x3A,0x2F,0x07,0xEE,0x20,0x30,0xA0,0xE3,0x70,0x34,0x40,0xE3,
    0x3A,0x3F,0x07,0xEE,0x4F,0xF0,0x7F,0xF5,0x36,0x2F,0x07,0xEE,0x4F,0xF0,0x7F,0xF5,
    0x08,0x30,0x92,0xE5,0x09,0x10,0xA0,0xE3,0x00,0x00,0x53,0xE3,0x13,0x00,0x00,0x1A,
    0x02,0x00,0xA0,0xE1,0x10,0xC7,0x02,0xE3,0x3C,0x30,0x92,0xE5,0x02,0x00,0x53,0xE3,
    0x0E,0x00,0x00,0x0A,0x01,0x10,0x81,0xE2,0x04,0x10,0x82,0xE5,0x3A,0x0F,0x07,0xEE,
    0x4F,0xF0,0x7F,0xF5,0x64,0xC0,0x8D,0xE5,0x64,0x30,0x9D,0xE5,0x00,0x00,0x53,0xE3,
    0x01,0x30,0x43,0xE2,0x64,0x30,0x8D,0xE5,0xFA,0xFF,0xFF,0x1A,0x36,0x0F,0x07,0xEE,
    0x4F,0xF0,0x7F,0xF5,0x08,0x30,0x92,0xE5,0x00,0x00,0x53,0xE3,0xED,0xFF,0xFF,0x0A,
    0x47,0x36,0xA0,0xE3,0xFF,0x20,0xA0,0xE3,0x0C,0x20,0x83,0xE5,0x04,0x10,0x83,0xE5,
    0x3A,0x3F,0x07,0xEE,0x4F,0xF0,0x7F,0xF5,0x02,0xF0,0x20,0xE3,0xFD,0xFF,0xFF,0xEA,
    0x02,0x30,0xA0,0xE3,0xD0,0x3A,0x4B,0xE3,0x30,0x30,0x89,0xE5,0x0C,0x40,0x89,0xE5,
    0x3A,0x9F,0x07,0xEE,0x3A,0x6F,0x07,0xEE,0x4F,0xF0,0x7F,0xF5,0x02,0xF0,0x20,0xE3,
    0xFD,0xFF,0xFF,0xEA,0x44,0x40,0x9D,0xE5,0x03,0x20,0xA0,0xE3,0xD0,0x2A,0x4B,0xE3,
    0x04,0x80,0xA0,0xE1,0xBC,0xFF,0xFF,0xEA,0x08,0xA0,0xA0,0xE1,0x28,0x30,0x8D,0xE5,
    0x05,0x80,0xA0,0xE1,0x05,0x31,0xA0,0xE1,0x34,0x30,0x8D,0xE5,0x3C,0x30,0x99,0xE5,
    0x02,0x00,0x53,0xE3,0xCB,0x00,0x00,0x0A,0x44,0x00,0x9D,0xE5,0xD1,0xF7,0xFF,0xEB,
    0x00,0x20,0x50,0xE2,0xC7,0x00,0x00,0x0A,0x08,0xA0,0x92,0xE5,0x47,0x36,0xA0,0xE3,
    0x0C,0x40,0x92,0xE5,0x36,0x3F,0x07,0xEE,0x4F,0xF0,0x7F,0xF5,0x08,0x30,0x99,0xE5,
    0x00,0x00,0x53,0xE3,0xCE,0x00,0x00,0x1A,0x3C,0x10,0x99,0xE5,0x02,0x00,0x51,0xE3,
    0xCB,0x00,0x00,0x0A,0x30,0xE0,0x92,0xE5,0x03,0x10,0xA0,0xE1,0x4C,0x00,0x9D,0xE5,
    0x18,0x50,0x92,0xE5,0x18,0xE0,0x8D,0xE5,0x28,0xE0,0x92,0xE5,0x0A,0x00,0x50,0xE1,
    0x10,0x70,0x92,0xE5,0x00,0x30,0xA0,0x31,0x0A,0x30,0xA0,0x21,0x50,0xC0,0x9D,0xE5,
    0x1C,0xE0,0x8D,0xE5,0x07,0x00,0xC3,0xE3,0x24,0xE0,0x92,0xE5,0x00,0x60,0xA0,0xE1,
    0x1C,0x20,0x92,0xE5,0x04,0x00,0x5C,0xE1,0x48,0xB0,0x9D,0xE5,0x10,0x5E,0xC0,0xF3,
    0x24,0x20,0x8D,0xE5,0x00,0x21,0xA0,0xE1,0x54,0xE8,0xC3,0xF3,0x2C,0x20,0x8D,0xE5,
    0x0C,0x20,0xA0,0x31,0x04,0x20,0xA0,0x21,0x5C,0xC8,0xC2,0xF2,0x5B,0xA8,0xC5,0xF2,
    0x53,0x88,0xC6,0xF3,0x1F,0x6E,0xC7,0xF3,0x30,0x00,0x8D,0xE5,0x01,0x00,0x40,0xE2,
    0x14,0x20,0x8D,0xE5,0x00,0x20,0x65,0xE2,0x5C,0x80,0x8D,0xE5,0x0B,0x80,0xA0,0xE1,
    0x38,0x00,0x8D,0xE5,0x01,0x00,0x43,0xE2,0x20,0xE0,0x8D,0xE5,0x3C,0x00,0x8D,0xE5,
    0x54,0xA0,0x8D,0xE5,0x58,0x40,0x8D,0xE5,0x40,0x30,0x8D,0xE5,0x14,0x30,0x9D,0xE5,
    0x01,0x00,0x53,0xE1,0x72,0x00,0x00,0x0A,0x18,0x30,0x9D,0xE5,0xA1,0xC0,0xA0,0xE1,
    0x1C,0x00,0x9D,0xE5,0x00,0x00,0x56,0xE3,0x9C,0x30,0x24,0xE0,0x20,0x30,0x9D,0xE5,
    0x24,0x00,0x9D,0xE5,0x9C,0x30,0x2C,0xE0,0x23,0x00,0x00,0x0A,0x08,0xE0,0xA0,0xE1,
    0x00,0x30,0xA0,0xE3,0xA3,0x00,0xA0,0xE1,0x05,0xA0,0x83,0xE0,0xB6,0xB1,0x26,0xF2,
    0x08,0x30,0x83,0xE2,0x0F,0x27,0x6A,0xF4,0x00,0xA0,0x8C,0xE0,0x00,0x00,0x84,0xE0,
    0x03,0x00,0x56,0xE1,0x0F,0x07,0x6A,0xF4,0x32,0x2A,0xC8,0xF3,0xB0,0x11,0x60,0xF2,
    0x0F,0x47,0x60,0xF4,0xA0,0x11,0xF2,0xF3,0xA5,0x08,0x41,0xF2,0xB4,0x11,0x64,0xF2,
    0xA4,0x11,0xF2,0xF3,0xA5,0x48,0x41,0xF2,0x30,0x0A,0xC8,0xF2,0xFA,0x69,0x10,0xF2,
    0x34,0x2A,0x88,0xF2,0xFE,0x09,0x50,0xF2,0x78,0x49,0x12,0xF2,0x6C,0x69,0x12,0xF2,
    0x70,0x00,0xD9,0xF2,0x54,0x40,0x99,0xF2,0xE0,0x08,0x52,0xF2,0x56,0x60,0x99,0xF2,
    0xC4,0x48,0x12,0xF2,0x60,0xA2,0xB2,0xF3,0xC6,0x28,0x52,0xF3,0x44,0x82,0xB2,0xF3,
    0x62,0x92,0xB2,0xF3,0x0D,0x80,0x0E,0xF4,0xDD,0xFF,0xFF,0x8A,0x30,0x30,0x9D,0xE5,
    0x40,0x00,0x9D,0xE5,0x00,0x00,0x53,0xE1,0x3B,0x00,0x00,0x2A,0x38,0x30,0x9D,0xE5,
    0x01,0xB0,0x82,0xE2,0x00,0x70,0x8D,0xE5,0x42,0x00,0x8D,0xE9,0x03,0x00,0x85,0xE0,
    0x2C,0x30,0x9D,0xE5,0x0C,0x50,0x8D,0xE5,0x10,0x20,0x8D,0xE5,0x03,0xE0,0x88,0xE0,
    0x3C,0x30,0x9D,0xE5,0x05,0xA0,0x83,0xE0,0x00,0x30,0x8B,0xE0,0x01,0x10,0xF0,0xE5,
    0xA3,0x20,0xDC,0xE7,0xA3,0x50,0xD4,0xE7,0x80,0x20,0x42,0xE2,0x82,0x30,0x82,0xE0,
    0x80,0x50,0x45,0xE2,0x75,0x50,0xBF,0xE6,0x83,0x61,0x62,0xE0,0x03,0x32,0x63,0xE0,
    0x06,0x21,0x62,0xE0,0x2C,0x60,0xA0,0xE3,0xC3,0x32,0x81,0xE0,0x85,0x26,0x02,0xE1,
    0x85,0x61,0x65,0xE0,0x86,0x61,0x85,0xE0,0xC2,0x23,0x41,0xE0,0x06,0x51,0x65,0xE0,
    0x72,0x70,0xFF,0xE6,0x72,0x20,0xBF,0xE6,0xC5,0x13,0x81,0xE0,0x00,0x50,0x53,0xE2,
    0x73,0x30,0xFF,0xE6,0xFF,0x34,0xA0,0xB3,0x71,0x60,0xFF,0xE6,0x71,0x10,0xBF,0xE6,
    0x04,0x00,0x00,0xBA,0xFF,0x00,0x55,0xE3,0x03,0x38,0xA0,0xD1,0x00,0x30,0xA0,0xC3,
    0xFF,0x3F,0x4F,0xC3,0xFF,0x34,0x83,0xD3,0x00,0x00,0x52,0xE3,0x02,0x00,0x00,0xBA,
    0xFF,0x00,0x52,0xE3,0x07,0x34,0x83,0xD1,0xFF,0x3C,0x83,0xC3,0x00,0x00,0x51,0xE3,
    0x02,0x00,0x00,0xBA,0xFF,0x00,0x51,0xE3,0xFF,0x30,0x83,0xC3,0x06,0x30,0x83,0xD1,
    0x00,0x00,0x5A,0xE1,0x04,0x30,0x8E,0xE4,0xD2,0xFF,0xFF,0x1A,0x00,0x70,0x9D,0xE5,
    0x42,0x00,0x9D,0xE9,0x0C,0x50,0x9D,0xE5,0x10,0x20,0x9D,0xE5,0x34,0x30,0x9D,0xE5,
    0x01,0x10,0x81,0xE2,0x07,0x20,0x42,0xE0,0x07,0x50,0x85,0xE0,0x03,0x80,0x88,0xE0,
    0x89,0xFF,0xFF,0xEA,0x54,0xA0,0x9D,0xE5,0x58,0x40,0x9D,0xE5,0x5C,0x80,0x9D,0xE5,
    0x4F,0xF0,0x7F,0xF5,0x28,0x30,0x9D,0xE5,0x01,0x30,0x83,0xE2,0x03,0x10,0xA0,0xE1,
    0x28,0x30,0x8D,0xE5,0x71,0x20,0xEF,0xE6,0x04,0x30,0xA0,0xE3,0x04,0x20,0x89,0xE5,
    0x38,0x10,0x89,0xE5,0x0C,0x30,0x89,0xE5,0x47,0x36,0xA0,0xE3,0x3A,0x3F,0x07,0xEE,
    0x4F,0xF0,0x7F,0xF5,0x01,0x00,0x00,0xEA,0x02,0x00,0x53,0xE3,0x09,0x00,0x00,0x0A,
    0x3C,0x30,0x99,0xE5,0x01,0x00,0x53,0xE3,0xFA,0xFF,0xFF,0x1A,0x00,0x20,0xA0,0xE3,
    0x3C,0x20,0x89,0xE5,0x0C,0x30,0x89,0xE5,0x47,0x36,0xA0,0xE3,0x3A,0x3F,0x07,0xEE,
    0x4F,0xF0,0x7F,0xF5,0x30,0xFF,0xFF,0xEA,0x47,0x36,0xA0,0xE3,0x00,0x00,0xA0,0xE3,
    0x2C,0x20,0x93,0xE5,0x02,0x10,0xA0,0xE3,0x28,0x20,0x9D,0xE5,0x20,0xA0,0x83,0xE5,
    0x24,0x40,0x83,0xE5,0x28,0x20,0x83,0xE5,0x2C,0x20,0x93,0xE5,0x2C,0x20,0x83,0xE5,
    0x09,0x20,0xA0,0xE3,0x30,0x00,0x83,0xE5,0x34,0x80,0x83,0xE5,0x04,0x20,0x83,0xE5,
    0xE5,0xFE,0xFF,0xEA,0x47,0x36,0xA0,0xE3,0xFF,0x20,0xA0,0xE3,0x0C,0x20,0x83,0xE5,
    0x28,0x20,0x9D,0xE5,0x04,0x20,0x83,0xE5,0x3A,0x3F,0x07,0xEE,0x4F,0xF0,0x7F,0xF5,
    0x02,0xF0,0x20,0xE3,0xFD,0xFF,0xFF,0xEA,0x4A,0x1E,0x08,0xBF,0x70,0x47,0xC0,0xF0,
    0x24,0x81,0x88,0x42,0x40,0xF2,0x16,0x81,0x11,0x42,0x00,0xF0,0x17,0x81,0xB0,0xFA,
    0x80,0xF3,0xB1,0xFA,0x81,0xF2,0xA2,0xEB,0x03,0x03,0xC3,0xF1,0x1F,0x03,0x04,0xA2,
    0x02,0xEB,0x03,0x13,0x4F,0xF0,0x00,0x02,0x9F,0x46,0x00,0xBF,0xAF,0xF3,0x00,0x80,
    0xB0,0xEB,0xC1,0x7F,0x00,0xBF,0x42,0xEB,0x02,0x02,0x28,0xBF,0xA0,0xEB,0xC1,0x70,
    0xB0,0xEB,0x81,0x7F,0x00,0xBF,0x42,0xEB,0x02,0x02,0x28,0xBF,0xA0,0xEB,0x81,0x70,
    0xB0,0xEB,0x41,0x7F,0x00,0xBF,0x42,0xEB,0x02,0x02,0x28,0xBF,0xA0,0xEB,0x41,0x70,
    0xB0,0xEB,0x01,0x7F,0x00,0xBF,0x42,0xEB,0x02,0x02,0x28,0xBF,0xA0,0xEB,0x01,0x70,
    0xB0,0xEB,0xC1,0x6F,0x00,0xBF,0x42,0xEB,0x02,0x02,0x28,0xBF,0xA0,0xEB,0xC1,0x60,
    0xB0,0xEB,0x81,0x6F,0x00,0xBF,0x42,0xEB,0x02,0x02,0x28,0xBF,0xA0,0xEB,0x81,0x60,
    0xB0,0xEB,0x41,0x6F,0x00,0xBF,0x42,0xEB,0x02,0x02,0x28,0xBF,0xA0,0xEB,0x41,0x60,
    0xB0,0xEB,0x01,0x6F,0x00,0xBF,0x42,0xEB,0x02,0x02,0x28,0xBF,0xA0,0xEB,0x01,0x60,
    0xB0,0xEB,0xC1,0x5F,0x00,0xBF,0x42,0xEB,0x02,0x02,0x28,0xBF,0xA0,0xEB,0xC1,0x50,
    0xB0,0xEB,0x81,0x5F,0x00,0xBF,0x42,0xEB,0x02,0x02,0x28,0xBF,0xA0,0xEB,0x81,0x50,
    0xB0,0xEB,0x41,0x5F,0x00,0xBF,0x42,0xEB,0x02,0x02,0x28,0xBF,0xA0,0xEB,0x41,0x50,
    0xB0,0xEB,0x01,0x5F,0x00,0xBF,0x42,0xEB,0x02,0x02,0x28,0xBF,0xA0,0xEB,0x01,0x50,
    0xB0,0xEB,0xC1,0x4F,0x00,0xBF,0x42,0xEB,0x02,0x02,0x28,0xBF,0xA0,0xEB,0xC1,0x40,
    0xB0,0xEB,0x81,0x4F,0x00,0xBF,0x42,0xEB,0x02,0x02,0x28,0xBF,0xA0,0xEB,0x81,0x40,
    0xB0,0xEB,0x41,0x4F,0x00,0xBF,0x42,0xEB,0x02,0x02,0x28,0xBF,0xA0,0xEB,0x41,0x40,
    0xB0,0xEB,0x01,0x4F,0x00,0xBF,0x42,0xEB,0x02,0x02,0x28,0xBF,0xA0,0xEB,0x01,0x40,
    0xB0,0xEB,0xC1,0x3F,0x00,0xBF,0x42,0xEB,0x02,0x02,0x28,0xBF,0xA0,0xEB,0xC1,0x30,
    0xB0,0xEB,0x81,0x3F,0x00,0xBF,0x42,0xEB,0x02,0x02,0x28,0xBF,0xA0,0xEB,0x81,0x30,
    0xB0,0xEB,0x41,0x3F,0x00,0xBF,0x42,0xEB,0x02,0x02,0x28,0xBF,0xA0,0xEB,0x41,0x30,
    0xB0,0xEB,0x01,0x3F,0x00,0xBF,0x42,0xEB,0x02,0x02,0x28,0xBF,0xA0,0xEB,0x01,0x30,
    0xB0,0xEB,0xC1,0x2F,0x00,0xBF,0x42,0xEB,0x02,0x02,0x28,0xBF,0xA0,0xEB,0xC1,0x20,
    0xB0,0xEB,0x81,0x2F,0x00,0xBF,0x42,0xEB,0x02,0x02,0x28,0xBF,0xA0,0xEB,0x81,0x20,
    0xB0,0xEB,0x41,0x2F,0x00,0xBF,0x42,0xEB,0x02,0x02,0x28,0xBF,0xA0,0xEB,0x41,0x20,
    0xB0,0xEB,0x01,0x2F,0x00,0xBF,0x42,0xEB,0x02,0x02,0x28,0xBF,0xA0,0xEB,0x01,0x20,
    0xB0,0xEB,0xC1,0x1F,0x00,0xBF,0x42,0xEB,0x02,0x02,0x28,0xBF,0xA0,0xEB,0xC1,0x10,
    0xB0,0xEB,0x81,0x1F,0x00,0xBF,0x42,0xEB,0x02,0x02,0x28,0xBF,0xA0,0xEB,0x81,0x10,
    0xB0,0xEB,0x41,0x1F,0x00,0xBF,0x42,0xEB,0x02,0x02,0x28,0xBF,0xA0,0xEB,0x41,0x10,
    0xB0,0xEB,0x01,0x1F,0x00,0xBF,0x42,0xEB,0x02,0x02,0x28,0xBF,0xA0,0xEB,0x01,0x10,
    0xB0,0xEB,0xC1,0x0F,0x00,0xBF,0x42,0xEB,0x02,0x02,0x28,0xBF,0xA0,0xEB,0xC1,0x00,
    0xB0,0xEB,0x81,0x0F,0x00,0xBF,0x42,0xEB,0x02,0x02,0x28,0xBF,0xA0,0xEB,0x81,0x00,
    0xB0,0xEB,0x41,0x0F,0x00,0xBF,0x42,0xEB,0x02,0x02,0x28,0xBF,0xA0,0xEB,0x41,0x00,
    0xB0,0xEB,0x01,0x0F,0x00,0xBF,0x42,0xEB,0x02,0x02,0x28,0xBF,0xA0,0xEB,0x01,0x00,
    0x10,0x46,0x70,0x47,0x0C,0xBF,0x01,0x20,0x00,0x20,0x70,0x47,0xB1,0xFA,0x81,0xF2,
    0xC2,0xF1,0x1F,0x02,0x20,0xFA,0x02,0xF0,0x70,0x47,0x08,0xB1,0x4F,0xF0,0xFF,0x30,
    0x00,0xF0,0x66,0xB9,0x00,0x29,0xF8,0xD0,0x2D,0xE9,0x03,0x40,0xFF,0xF7,0xCC,0xFE,
    0xBD,0xE8,0x06,0x40,0x02,0xFB,0x00,0xF3,0xA1,0xEB,0x03,0x01,0x70,0x47,0x00,0xBF,
    0x00,0x29,0x00,0xF0,0x3E,0x81,0x80,0xEA,0x01,0x0C,0x48,0xBF,0x49,0x42,0x4A,0x1E,
    0x00,0xF0,0x1F,0x81,0x03,0x00,0x48,0xBF,0x43,0x42,0x8B,0x42,0x40,0xF2,0x1E,0x81,
    0x11,0x42,0x00,0xF0,0x23,0x81,0xB3,0xFA,0x83,0xF2,0xB1,0xFA,0x81,0xF0,0xA0,0xEB,
    0x02,0x02,0xC2,0xF1,0x1F,0x02,0x04,0xA0,0x00,0xEB,0x02,0x12,0x4F,0xF0,0x00,0x00,
    0x97,0x46,0x00,0xBF,0xAF,0xF3,0x00,0x80,0xB3,0xEB,0xC1,0x7F,0x00,0xBF,0x40,0xEB,
    0x00,0x00,0x28,0xBF,0xA3,0xEB,0xC1,0x73,0xB3,0xEB,0x81,0x7F,0x00,0xBF,0x40,0xEB,
    0x00,0x00,0x28,0xBF,0xA3,0xEB,0x81,0x73,0xB3,0xEB,0x41,0x7F,0x00,0xBF,0x40,0xEB,
    0x00,0x00,0x28,0xBF,0xA3,0xEB,0x41,0x73,0xB3,0xEB,0x01,0x7F,0x00,0xBF,0x40,0xEB,
    0x00,0x00,0x28,0xBF,0xA3,0xEB,0x01,0x73,0xB3,0xEB,0xC1,0x6F,0x00,0xBF,0x40,0xEB,
    0x00,0x00,0x28,0xBF,0xA3,0xEB,0xC1,0x63,0xB3,0xEB,0x81,0x6F,0x00,0xBF,0x40,0xEB,
    0x00,0x00,0x28,0xBF,0xA3,0xEB,0x81,0x63,0xB3,0xEB,0x41,0x6F,0x00,0xBF,0x40,0xEB,
    0x00,0x00,0x28,0xBF,0xA3,0xEB,0x41,0x63,0xB3,0xEB,0x01,0x6F,0x00,0xBF,0x40,0xEB,
    0x00,0x00,0x28,0xBF,0xA3,0xEB,0x01,0x63,0xB3,0xEB,0xC1,0x5F,0x00,0xBF,0x40,0xEB,
    0x00,0x00,0x28,0xBF,0xA3,0xEB,0xC1,0x53,0xB3,0xEB,0x81,0x5F,0x00,0xBF,0x40,0xEB,
    0x00,0x00,0x28,0xBF,0xA3,0xEB,0x81,0x53,0xB3,0xEB,0x41,0x5F,0x00,0xBF,0x40,0xEB,
    0x00,0x00,0x28,0xBF,0xA3,0xEB,0x41,0x53,0xB3,0xEB,0x01,0x5F,0x00,0xBF,0x40,0xEB,
    0x00,0x00,0x28,0xBF,0xA3,0xEB,0x01,0x53,0xB3,0xEB,0xC1,0x4F,0x00,0xBF,0x40,0xEB,
    0x00,0x00,0x28,0xBF,0xA3,0xEB,0xC1,0x43,0xB3,0xEB,0x81,0x4F,0x00,0xBF,0x40,0xEB,
    0x00,0x00,0x28,0xBF,0xA3,0xEB,0x81,0x43,0xB3,0xEB,0x41,0x4F,0x00,0xBF,0x40,0xEB,
    0x00,0x00,0x28,0xBF,0xA3,0xEB,0x41,0x43,0xB3,0xEB,0x01,0x4F,0x00,0xBF,0x40,0xEB,
    0x00,0x00,0x28,0xBF,0xA3,0xEB,0x01,0x43,0xB3,0xEB,0xC1,0x3F,0x00,0xBF,0x40,0xEB,
    0x00,0x00,0x28,0xBF,0xA3,0xEB,0xC1,0x33,0xB3,0xEB,0x81,0x3F,0x00,0xBF,0x40,0xEB,
    0x00,0x00,0x28,0xBF,0xA3,0xEB,0x81,0x33,0xB3,0xEB,0x41,0x3F,0x00,0xBF,0x40,0xEB,
    0x00,0x00,0x28,0xBF,0xA3,0xEB,0x41,0x33,0xB3,0xEB,0x01,0x3F,0x00,0xBF,0x40,0xEB,
    0x00,0x00,0x28,0xBF,0xA3,0xEB,0x01,0x33,0xB3,0xEB,0xC1,0x2F,0x00,0xBF,0x40,0xEB,
    0x00,0x00,0x28,0xBF,0xA3,0xEB,0xC1,0x23,0xB3,0xEB,0x81,0x2F,0x00,0xBF,0x40,0xEB,
    0x00,0x00,0x28,0xBF,0xA3,0xEB,0x81,0x23,0xB3,0xEB,0x41,0x2F,0x00,0xBF,0x40,0xEB,
    0x00,0x00,0x28,0xBF,0xA3,0xEB,0x41,0x23,0xB3,0xEB,0x01,0x2F,0x00,0xBF,0x40,0xEB,
    0x00,0x00,0x28,0xBF,0xA3,0xEB,0x01,0x23,0xB3,0xEB,0xC1,0x1F,0x00,0xBF,0x40,0xEB,
    0x00,0x00,0x28,0xBF,0xA3,0xEB,0xC1,0x13,0xB3,0xEB,0x81,0x1F,0x00,0xBF,0x40,0xEB,
    0x00,0x00,0x28,0xBF,0xA3,0xEB,0x81,0x13,0xB3,0xEB,0x41,0x1F,0x00,0xBF,0x40,0xEB,
    0x00,0x00,0x28,0xBF,0xA3,0xEB,0x41,0x13,0xB3,0xEB,0x01,0x1F,0x00,0xBF,0x40,0xEB,
    0x00,0x00,0x28,0xBF,0xA3,0xEB,0x01,0x13,0xB3,0xEB,0xC1,0x0F,0x00,0xBF,0x40,0xEB,
    0x00,0x00,0x28,0xBF,0xA3,0xEB,0xC1,0x03,0xB3,0xEB,0x81,0x0F,0x00,0xBF,0x40,0xEB,
    0x00,0x00,0x28,0xBF,0xA3,0xEB,0x81,0x03,0xB3,0xEB,0x41,0x0F,0x00,0xBF,0x40,0xEB,
    0x00,0x00,0x28,0xBF,0xA3,0xEB,0x41,0x03,0xB3,0xEB,0x01,0x0F,0x00,0xBF,0x40,0xEB,
    0x00,0x00,0x28,0xBF,0xA3,0xEB,0x01,0x03,0xBC,0xF1,0x00,0x0F,0x48,0xBF,0x40,0x42,
    0x70,0x47,0x9C,0xEA,0x00,0x0F,0x48,0xBF,0x40,0x42,0x70,0x47,0x38,0xBF,0x00,0x20,
    0x04,0xBF,0x4F,0xEA,0xEC,0x70,0x40,0xF0,0x01,0x00,0x70,0x47,0xB1,0xFA,0x81,0xF2,
    0xC2,0xF1,0x1F,0x02,0xBC,0xF1,0x00,0x0F,0x23,0xFA,0x02,0xF0,0x48,0xBF,0x40,0x42,
    0x70,0x47,0x00,0x28,0xC8,0xBF,0x6F,0xF0,0x00,0x40,0xB8,0xBF,0x4F,0xF0,0x00,0x40,
    0x00,0xF0,0x0E,0xB8,0x00,0x29,0xF4,0xD0,0x2D,0xE9,0x03,0x40,0xFF,0xF7,0xB3,0xFE,
    0xBD,0xE8,0x06,0x40,0x02,0xFB,0x00,0xF3,0xA1,0xEB,0x03,0x01,0x70,0x47,0x00,0xBF,
    0x70,0x47,0x00,0xBF,0x00,0x28,0xB8,0xBF,0x40,0x42,0x70,0x47,0x00,0x00,0x00,0x00,
    0x08,0x10,0x13,0x16,0x1A,0x1B,0x1D,0x22,0x10,0x10,0x16,0x18,0x1B,0x1D,0x22,0x25,
    0x13,0x16,0x1A,0x1B,0x1D,0x22,0x22,0x26,0x16,0x16,0x1A,0x1B,0x1D,0x22,0x25,0x28,
    0x16,0x1A,0x1B,0x1D,0x20,0x23,0x28,0x30,0x1A,0x1B,0x1D,0x20,0x23,0x28,0x30,0x3A,
    0x1A,0x1B,0x1D,0x22,0x26,0x2E,0x38,0x45,0x1B,0x1D,0x23,0x26,0x2E,0x38,0x45,0x53,
    0x10,0x10,0x10,0x10,0x10,0x10,0x10,0x10,0x10,0x10,0x10,0x10,0x10,0x10,0x10,0x10,
    0x10,0x10,0x10,0x10,0x10,0x10,0x10,0x10,0x10,0x10,0x10,0x10,0x10,0x10,0x10,0x10,
    0x10,0x10,0x10,0x10,0x10,0x10,0x10,0x10,0x10,0x10,0x10,0x10,0x10,0x10,0x10,0x10,
    0x10,0x10,0x10,0x10,0x10,0x10,0x10,0x10,0x10,0x10,0x10,0x10,0x10,0x10,0x10,0x10,
    0x00,0x00,0x80,0x3F,0x7F,0x6A,0x2C,0x3F,0x5D,0xFE,0x33,0x3F,0xAA,0xF1,0x42,0x3F,
    0x3F,0x35,0x4E,0x3F,0xB9,0xFC,0x57,0x3F,0x6A,0xBC,0x64,0x3F,0x51,0x6B,0x6A,0x3F,
    0x96,0x43,0x7B,0x3F,0x96,0x43,0x83,0x3F,0x60,0xE5,0x88,0x3F,0xF6,0x28,0x8C,0x3F,
    0xF6,0x28,0x94,0x3F,0xB8,0x40,0x9A,0x3F,0x00,0x00,0x00,0x00,0x00,0x00,0x00,0x00,
    0x60,0xE5,0xD0,0x22,0xDB,0xF9,0x37,0x40,0x00,0x00,0x00,0x00,0x00,0x00,0x38,0x40,
    0x00,0x00,0x00,0x00,0x00,0x00,0x39,0x40,0xB8,0x1E,0x85,0xEB,0x51,0xF8,0x3D,0x40,
    0x00,0x00,0x00,0x00,0x00,0x00,0x3E,0x40,0x00,0x00,0x00,0x00,0x00,0x00,0x49,0x40,
    0xB8,0x1E,0x85,0xEB,0x51,0xF8,0x4D,0x40,0x00,0x00,0x00,0x00,0x00,0x00,0x4E,0x40,
    0x00,0x00,0x00,0x00,0x00,0x00,0x00,0x00,0x00,0x00,0x00,0x00,0x00,0x00,0x00,0x00,
    0x00,0x00,0x00,0x00,0x00,0x00,0x00,0x00,0x00,0x00,0x00,0x00,0x00,0x00,0x00,0x00,
    0x00,0x00,0x00,0x00,0x00,0x00,0x00,0x00,0x00,0x00,0x00,0x00,0x00,0x00,0x00,0x00,
    0x00,0x00,0x00,0x00,0x00,0x00,0x00,0x00,0x00,0x01,0x08,0x10,0x09,0x02,0x03,0x0A,
    0x11,0x18,0x20,0x19,0x12,0x0B,0x04,0x05,0x0C,0x13,0x1A,0x21,0x28,0x30,0x29,0x22,
    0x1B,0x14,0x0D,0x06,0x07,0x0E,0x15,0x1C,0x23,0x2A,0x31,0x38,0x39,0x32,0x2B,0x24,
    0x1D,0x16,0x0F,0x17,0x1E,0x25,0x2C,0x33,0x3A,0x3B,0x34,0x2D,0x26,0x1F,0x27,0x2E,
    0x35,0x3C,0x3D,0x36,0x2F,0x37,0x3E,0x3F,0x02,0x00,0x00,0x00,0x00,0x00,0x00,0x00,
    0x04,0x00,0x00,0x00,0x06,0x00,0x00,0x00,0x08,0x00,0x00,0x00,0x0A,0x00,0x00,0x00,
    0x00,0x00,0x01,0x00,0x00,0x00,0xFF,0xFF,0x0C,0x00,0x00,0x00,0x0E,0x00,0x00,0x00,
    0x00,0x00,0x02,0x00,0x00,0x00,0xFE,0xFF,0x10,0x00,0x00,0x00,0x12,0x00,0x00,0x00,
    0x00,0x00,0x03,0x00,0x00,0x00,0xFD,0xFF,0x14,0x00,0x00,0x00,0x16,0x00,0x00,0x00,
    0x18,0x00,0x00,0x00,0x1A,0x00,0x00,0x00,0xFF,0xFF,0x00,0x00,0x1C,0x00,0x00,0x00,
    0x1E,0x00,0x00,0x00,0x20,0x00,0x00,0x00,0x22,0x00,0x00,0x00,0x24,0x00,0x00,0x00,
    0x00,0x00,0x04,0x00,0x00,0x00,0xFC,0xFF,0xFF,0xFF,0x00,0x00,0x26,0x00,0x00,0x00,
    0x28,0x00,0x00,0x00,0x2A,0x00,0x00,0x00,0x00,0x00,0x07,0x00,0x00,0x00,0xF9,0xFF,
    0x00,0x00,0x06,0x00,0x00,0x00,0xFA,0xFF,0x00,0x00,0x05,0x00,0x00,0x00,0xFB,0xFF,
    0x2C,0x00,0x00,0x00,0x2E,0x00,0x00,0x00,0x30,0x00,0x00,0x00,0x32,0x00,0x00,0x00,
    0x34,0x00,0x00,0x00,0x36,0x00,0x00,0x00,0x38,0x00,0x00,0x00,0x3A,0x00,0x00,0x00,
    0x3C,0x00,0x00,0x00,0x3E,0x00,0x00,0x00,0x40,0x00,0x00,0x00,0x42,0x00,0x00,0x00,
    0x00,0x00,0x0A,0x00,0x00,0x00,0xF6,0xFF,0x00,0x00,0x09,0x00,0x00,0x00,0xF7,0xFF,
    0x00,0x00,0x08,0x00,0x00,0x00,0xF8,0xFF,0x00,0x00,0x10,0x00,0x00,0x00,0xF0,0xFF,
    0x00,0x00,0x0F,0x00,0x00,0x00,0xF1,0xFF,0x00,0x00,0x0E,0x00,0x00,0x00,0xF2,0xFF,
    0x00,0x00,0x0D,0x00,0x00,0x00,0xF3,0xFF,0x00,0x00,0x0C,0x00,0x00,0x00,0xF4,0xFF,
    0x00,0x00,0x0B,0x00,0x00,0x00,0xF5,0xFF,0x00,0x8B,0x50,0x04,0xB8,0x8A,0x50,0x04,
    0xB8,0x8A,0x50,0x04,0x02,0x00,0x00,0x00,0x00,0x00,0x01,0x00,0x04,0x00,0x00,0x00,
    0x06,0x00,0x00,0x00,0x08,0x00,0x00,0x00,0x0A,0x00,0x00,0x00,0x0C,0x00,0x00,0x00,
    0x00,0x00,0x01,0x01,0x0E,0x00,0x00,0x00,0x10,0x00,0x00,0x00,0x12,0x00,0x00,0x00,
    0x14,0x00,0x00,0x00,0x00,0x00,0x02,0x00,0x00,0x00,0x01,0x02,0x16,0x00,0x00,0x00,
    0x18,0x00,0x00,0x00,0x1A,0x00,0x00,0x00,0x1C,0x00,0x00,0x00,0x1E,0x00,0x00,0x00,
    0x00,0x00,0x03,0x00,0x00,0x00,0x01,0x04,0x00,0x00,0x01,0x03,0x20,0x00,0x00,0x00,
    0x00,0x00,0xFF,0xFF,0x22,0x00,0x00,0x00,0x24,0x00,0x00,0x00,0x00,0x00,0x01,0x07,
    0x00,0x00,0x01,0x06,0x00,0x00,0x02,0x01,0x00,0x00,0x01,0x05,0x26,0x00,0x00,0x00,
    0x28,0x00,0x00,0x00,0x2A,0x00,0x00,0x00,0x2C,0x00,0x00,0x00,0x00,0x00,0x02,0x02,
    0x00,0x00,0x01,0x09,0x00,0x00,0x04,0x00,0x00,0x00,0x01,0x08,0x2E,0x00,0x00,0x00,
    0x30,0x00,0x00,0x00,0x32,0x00,0x00,0x00,0x34,0x00,0x00,0x00,0x36,0x00,0x00,0x00,
    0x38,0x00,0x00,0x00,0x3A,0x00,0x00,0x00,0x3C,0x00,0x00,0x00,0x00,0x00,0x01,0x0D,
    0x00,0x00,0x06,0x00,0x00,0x00,0x01,0x0C,0x00,0x00,0x01,0x0B,0x00,0x00,0x02,0x03,
    0x00,0x00,0x03,0x01,0x00,0x00,0x05,0x00,0x00,0x00,0x01,0x0A,0x3E,0x00,0x00,0x00,
    0x40,0x00,0x00,0x00,0x42,0x00,0x00,0x00,0x44,0x00,0x00,0x00,0x46,0x00,0x00,0x00,
    0x48,0x00,0x00,0x00,0x4A,0x00,0x00,0x00,0x4C,0x00,0x00,0x00,0x4E,0x00,0x00,0x00,
    0x50,0x00,0x00,0x00,0x52,0x00,0x00,0x00,0x54,0x00,0x00,0x00,0x56,0x00,0x00,0x00,
    0x58,0x00,0x00,0x00,0x5A,0x00,0x00,0x00,0x5C,0x00,0x00,0x00,0x00,0x00,0x01,0x10,
    0x00,0x00,0x02,0x05,0x00,0x00,0x07,0x00,0x00,0x00,0x03,0x02,0x00,0x00,0x04,0x01,
    0x00,0x00,0x01,0x0F,0x00,0x00,0x01,0x0E,0x00,0x00,0x02,0x04,0x5E,0x00,0x00,0x00,
    0x60,0x00,0x00,0x00,0x62,0x00,0x00,0x00,0x64,0x00,0x00,0x00,0x66,0x00,0x00,0x00,
    0x68,0x00,0x00,0x00,0x6A,0x00,0x00,0x00,0x6C,0x00,0x00,0x00,0x6E,0x00,0x00,0x00,
    0x70,0x00,0x00,0x00,0x72,0x00,0x00,0x00,0x74,0x00,0x00,0x00,0x76,0x00,0x00,0x00,
    0x78,0x00,0x00,0x00,0x7A,0x00,0x00,0x00,0x7C,0x00,0x00,0x00,0xFF,0xFF,0x00,0x00,
    0x7E,0x00,0x00,0x00,0x80,0x00,0x00,0x00,0x82,0x00,0x00,0x00,0x84,0x00,0x00,0x00,
    0x86,0x00,0x00,0x00,0x88,0x00,0x00,0x00,0x8A,0x00,0x00,0x00,0x8C,0x00,0x00,0x00,
    0x8E,0x00,0x00,0x00,0x90,0x00,0x00,0x00,0x92,0x00,0x00,0x00,0x94,0x00,0x00,0x00,
    0x96,0x00,0x00,0x00,0x98,0x00,0x00,0x00,0x9A,0x00,0x00,0x00,0x00,0x00,0x0B,0x00,
    0x00,0x00,0x02,0x08,0x00,0x00,0x03,0x04,0x00,0x00,0x0A,0x00,0x00,0x00,0x04,0x02,
    0x00,0x00,0x02,0x07,0x00,0x00,0x01,0x15,0x00,0x00,0x01,0x14,0x00,0x00,0x09,0x00,
    0x00,0x00,0x01,0x13,0x00,0x00,0x01,0x12,0x00,0x00,0x05,0x01,0x00,0x00,0x03,0x03,
    0x00,0x00,0x08,0x00,0x00,0x00,0x02,0x06,0x00,0x00,0x01,0x11,0x9C,0x00,0x00,0x00,
    0x9E,0x00,0x00,0x00,0xA0,0x00,0x00,0x00,0xA2,0x00,0x00,0x00,0xA4,0x00,0x00,0x00,
    0xA6,0x00,0x00,0x00,0xA8,0x00,0x00,0x00,0xAA,0x00,0x00,0x00,0xAC,0x00,0x00,0x00,
    0xAE,0x00,0x00,0x00,0xB0,0x00,0x00,0x00,0xB2,0x00,0x00,0x00,0xB4,0x00,0x00,0x00,
    0xB6,0x00,0x00,0x00,0x00,0x00,0x02,0x0A,0x00,0x00,0x02,0x09,0x00,0x00,0x03,0x05,
    0x00,0x00,0x04,0x03,0x00,0x00,0x05,0x02,0x00,0x00,0x07,0x01,0x00,0x00,0x06,0x01,
    0x00,0x00,0x0F,0x00,0x00,0x00,0x0E,0x00,0x00,0x00,0x0D,0x00,0x00,0x00,0x0C,0x00,
    0x00,0x00,0x01,0x1A,0x00,0x00,0x01,0x19,0x00,0x00,0x01,0x18,0x00,0x00,0x01,0x17,
    0x00,0x00,0x01,0x16,0xB8,0x00,0x00,0x00,0xBA,0x00,0x00,0x00,0xBC,0x00,0x00,0x00,
    0xBE,0x00,0x00,0x00,0xC0,0x00,0x00,0x00,0xC2,0x00,0x00,0x00,0xC4,0x00,0x00,0x00,
    0xC6,0x00,0x00,0x00,0xC8,0x00,0x00,0x00,0xCA,0x00,0x00,0x00,0xCC,0x00,0x00,0x00,
    0xCE,0x00,0x00,0x00,0x00,0x00,0x1F,0x00,0x00,0x00,0x1E,0x00,0x00,0x00,0x1D,0x00,
    0x00,0x00,0x1C,0x00,0x00,0x00,0x1B,0x00,0x00,0x00,0x1A,0x00,0x00,0x00,0x19,0x00,
    0x00,0x00,0x18,0x00,0x00,0x00,0x17,0x00,0x00,0x00,0x16,0x00,0x00,0x00,0x15,0x00,
    0x00,0x00,0x14,0x00,0x00,0x00,0x13,0x00,0x00,0x00,0x12,0x00,0x00,0x00,0x11,0x00,
    0x00,0x00,0x10,0x00,0xD0,0x00,0x00,0x00,0xD2,0x00,0x00,0x00,0xD4,0x00,0x00,0x00,
    0xD6,0x00,0x00,0x00,0xD8,0x00,0x00,0x00,0xDA,0x00,0x00,0x00,0xDC,0x00,0x00,0x00,
    0xDE,0x00,0x00,0x00,0x00,0x00,0x28,0x00,0x00,0x00,0x27,0x00,0x00,0x00,0x26,0x00,
    0x00,0x00,0x25,0x00,0x00,0x00,0x24,0x00,0x00,0x00,0x23,0x00,0x00,0x00,0x22,0x00,
    0x00,0x00,0x21,0x00,0x00,0x00,0x20,0x00,0x00,0x00,0x0E,0x01,0x00,0x00,0x0D,0x01,
    0x00,0x00,0x0C,0x01,0x00,0x00,0x0B,0x01,0x00,0x00,0x0A,0x01,0x00,0x00,0x09,0x01,
    0x00,0x00,0x08,0x01,0x00,0x00,0x12,0x01,0x00,0x00,0x11,0x01,0x00,0x00,0x10,0x01,
    0x00,0x00,0x0F,0x01,0x00,0x00,0x03,0x06,0x00,0x00,0x02,0x10,0x00,0x00,0x02,0x0F,
    0x00,0x00,0x02,0x0E,0x00,0x00,0x02,0x0D,0x00,0x00,0x02,0x0C,0x00,0x00,0x02,0x0B,
    0x00,0x00,0x01,0x1F,0x00,0x00,0x01,0x1E,0x00,0x00,0x01,0x1D,0x00,0x00,0x01,0x1C,
    0x00,0x00,0x01,0x1B,0x00,0x00,0x00,0x00,0x20,0x2C,0x2A,0x26,0x20,0x19,0x11,0x09,
    0x2C,0x3E,0x3A,0x34,0x2C,0x23,0x18,0x0C,0x2A,0x3A,0x37,0x31,0x2A,0x21,0x17,0x0C,
    0x26,0x34,0x31,0x2C,0x26,0x1E,0x14,0x0A,0x20,0x2C,0x2A,0x26,0x20,0x19,0x11,0x09,
    0x19,0x23,0x21,0x1E,0x19,0x14,0x0E,0x07,0x11,0x18,0x17,0x14,0x11,0x0E,0x09,0x05,
    0x09,0x0C,0x0C,0x0A,0x09,0x07,0x05,0x02,0x02,0x00,0x00,0x00,0x00,0x00,0x01,0x00,
    0x04,0x00,0x00,0x00,0x06,0x00,0x00,0x00,0x08,0x00,0x00,0x00,0x0A,0x00,0x00,0x00,
    0x00,0x00,0x03,0x00,0x00,0x00,0x02,0x00,0x0C,0x00,0x00,0x00,0x0E,0x00,0x00,0x00,
    0x00,0x00,0x05,0x00,0x00,0x00,0x04,0x00,0x10,0x00,0x00,0x00,0x12,0x00,0x00,0x00,
    0x00,0x00,0x07,0x00,0x00,0x00,0x06,0x00,0x14,0x00,0x00,0x00,0x16,0x00,0x00,0x00,
    0x18,0x00,0x00,0x00,0x1A,0x00,0x00,0x00,0x1C,0x00,0x00,0x00,0x1E,0x00,0x00,0x00,
    0x20,0x00,0x00,0x00,0x22,0x00,0x00,0x00,0x24,0x00,0x00,0x00,0x26,0x00,0x00,0x00,
    0x00,0x00,0x09,0x00,0x00,0x00,0x08,0x00,0xFF,0xFF,0x00,0x00,0x28,0x00,0x00,0x00,
    0xFF,0xFF,0x00,0x00,0x2A,0x00,0x00,0x00,0x2C,0x00,0x00,0x00,0x2E,0x00,0x00,0x00,
    0x00,0x00,0x0F,0x00,0x00,0x00,0x0E,0x00,0x00,0x00,0x0D,0x00,0x00,0x00,0x0C,0x00,
    0x00,0x00,0x0B,0x00,0x00,0x00,0x0A,0x00,0x30,0x00,0x00,0x00,0x32,0x00,0x00,0x00,
    0x34,0x00,0x00,0x00,0x36,0x00,0x00,0x00,0x38,0x00,0x00,0x00,0x3A,0x00,0x00,0x00,
    0x3C,0x00,0x00,0x00,0x3E,0x00,0x00,0x00,0x40,0x00,0x00,0x00,0xFF,0xFF,0x00,0x00,
    0xFF,0xFF,0x00,0x00,0x42,0x00,0x00,0x00,0x44,0x00,0x00,0x00,0x46,0x00,0x00,0x00,
    0x48,0x00,0x00,0x00,0x4A,0x00,0x00,0x00,0x4C,0x00,0x00,0x00,0x4E,0x00,0x00,0x00,
    0x00,0x00,0x15,0x00,0x00,0x00,0x14,0x00,0x00,0x00,0x13,0x00,0x00,0x00,0x12,0x00,
    0x00,0x00,0x11,0x00,0x00,0x00,0x10,0x00,0x00,0x00,0x23,0x00,0xFF,0xFF,0x00,0x00,
    0xFF,0xFF,0x00,0x00,0x00,0x00,0x22,0x00,0x00,0x00,0x21,0x00,0x00,0x00,0x20,0x00,
    0x00,0x00,0x1F,0x00,0x00,0x00,0x1E,0x00,0x00,0x00,0x1D,0x00,0x00,0x00,0x1C,0x00,
    0x00,0x00,0x1B,0x00,0x00,0x00,0x1A,0x00,0x00,0x00,0x19,0x00,0x00,0x00,0x18,0x00,
    0x00,0x00,0x17,0x00,0x00,0x00,0x16,0x00,0x00,0x00,0x00,0x00,0xD8,0x8B,0x50,0x04,
    0xA0,0x8B,0x50,0x04,0x48,0x8B,0x50,0x04,0x02,0x00,0x00,0x00,0x04,0x00,0x00,0x00,
    0x06,0x00,0x00,0x00,0x08,0x00,0x00,0x00,0x0A,0x00,0x00,0x00,0x0C,0x00,0x00,0x00,
    0x0E,0x00,0x00,0x00,0x10,0x00,0x00,0x00,0x12,0x00,0x00,0x00,0x14,0x00,0x00,0x00,
    0x16,0x00,0x00,0x00,0x18,0x00,0x00,0x00,0x1A,0x00,0x00,0x00,0x00,0x00,0x3C,0x00,
    0x1C,0x00,0x00,0x00,0x1E,0x00,0x00,0x00,0x20,0x00,0x00,0x00,0x22,0x00,0x00,0x00,
    0x24,0x00,0x00,0x00,0x26,0x00,0x00,0x00,0x28,0x00,0x00,0x00,0x2A,0x00,0x00,0x00,
    0x2C,0x00,0x00,0x00,0x2E,0x00,0x00,0x00,0x00,0x00,0x20,0x00,0x00,0x00,0x10,0x00,
    0x00,0x00,0x08,0x00,0x00,0x00,0x04,0x00,0x30,0x00,0x00,0x00,0x32,0x00,0x00,0x00,
    0x34,0x00,0x00,0x00,0x36,0x00,0x00,0x00,0x38,0x00,0x00,0x00,0x3A,0x00,0x00,0x00,
    0x3C,0x00,0x00,0x00,0x3E,0x00,0x00,0x00,0x00,0x00,0x3E,0x00,0x00,0x00,0x02,0x00,
    0x00,0x00,0x3D,0x00,0x00,0x00,0x01,0x00,0x00,0x00,0x38,0x00,0x00,0x00,0x34,0x00,
    0x00,0x00,0x2C,0x00,0x00,0x00,0x1C,0x00,0x00,0x00,0x28,0x00,0x00,0x00,0x14,0x00,
    0x00,0x00,0x30,0x00,0x00,0x00,0x0C,0x00,0x40,0x00,0x00,0x00,0x42,0x00,0x00,0x00,
    0x44,0x00,0x00,0x00,0x46,0x00,0x00,0x00,0x48,0x00,0x00,0x00,0x4A,0x00,0x00,0x00,
    0x4C,0x00,0x00,0x00,0x4E,0x00,0x00,0x00,0x50,0x00,0x00,0x00,0x52,0x00,0x00,0x00,
    0x54,0x00,0x00,0x00,0x56,0x00,0x00,0x00,0x00,0x00,0x3F,0x00,0x00,0x00,0x03,0x00,
    0x00,0x00,0x24,0x00,0x00,0x00,0x18,0x00,0x58,0x00,0x00,0x00,0x5A,0x00,0x00,0x00,
    0x5C,0x00,0x00,0x00,0x5E,0x00,0x00,0x00,0x60,0x00,0x00,0x00,0x62,0x00,0x00,0x00,
    0x64,0x00,0x00,0x00,0x66,0x00,0x00,0x00,0x68,0x00,0x00,0x00,0x6A,0x00,0x00,0x00,
    0x6C,0x00,0x00,0x00,0x6E,0x00,0x00,0x00,0x70,0x00,0x00,0x00,0x72,0x00,0x00,0x00,
    0x74,0x00,0x00,0x00,0x76,0x00,0x00,0x00,0x00,0x00,0x22,0x00,0x00,0x00,0x12,0x00,
    0x00,0x00,0x0A,0x00,0x00,0x00,0x06,0x00,0x00,0x00,0x21,0x00,0x00,0x00,0x11,0x00,
    0x00,0x00,0x09,0x00,0x00,0x00,0x05,0x00,0xFF,0xFF,0x00,0x00,0x78,0x00,0x00,0x00,
    0x7A,0x00,0x00,0x00,0x7C,0x00,0x00,0x00,0x00,0x00,0x3A,0x00,0x00,0x00,0x36,0x00,
    0x00,0x00,0x2E,0x00,0x00,0x00,0x1E,0x00,0x00,0x00,0x39,0x00,0x00,0x00,0x35,0x00,
    0x00,0x00,0x2D,0x00,0x00,0x00,0x1D,0x00,0x00,0x00,0x26,0x00,0x00,0x00,0x1A,0x00,
    0x00,0x00,0x25,0x00,0x00,0x00,0x19,0x00,0x00,0x00,0x2B,0x00,0x00,0x00,0x17,0x00,
    0x00,0x00,0x33,0x00,0x00,0x00,0x0F,0x00,0x00,0x00,0x2A,0x00,0x00,0x00,0x16,0x00,
    0x00,0x00,0x32,0x00,0x00,0x00,0x0E,0x00,0x00,0x00,0x29,0x00,0x00,0x00,0x15,0x00,
    0x00,0x00,0x31,0x00,0x00,0x00,0x0D,0x00,0x00,0x00,0x23,0x00,0x00,0x00,0x13,0x00,
    0x00,0x00,0x0B,0x00,0x00,0x00,0x07,0x00,0x00,0x00,0x27,0x00,0x00,0x00,0x1B,0x00,
    0x00,0x00,0x3B,0x00,0x00,0x00,0x37,0x00,0x00,0x00,0x2F,0x00,0x00,0x00,0x1F,0x00,
    0x44,0xAC,0x80,0xBB,0x00,0x7D,0x00,0x00,0x22,0x56,0xC0,0x5D,0x80,0x3E,0x00,0x00,
    0x20,0x00,0x30,0x00,0x38,0x00,0x40,0x00,0x50,0x00,0x60,0x00,0x70,0x00,0x80,0x00,
    0xA0,0x00,0xC0,0x00,0xE0,0x00,0x00,0x01,0x40,0x01,0x80,0x01,0x08,0x00,0x10,0x00,
    0x18,0x00,0x20,0x00,0x28,0x00,0x30,0x00,0x38,0x00,0x40,0x00,0x50,0x00,0x60,0x00,
    0x70,0x00,0x80,0x00,0x90,0x00,0xA0,0x00,0x00,0x00,0x00,0x00,0x00,0x00,0x00,0xBF,
    0x00,0x00,0x00,0xBF,0x00,0x00,0x00,0xBF,0x00,0x00,0x00,0xBF,0x00,0x00,0x00,0xBF,
    0x00,0x00,0x00,0xBF,0x00,0x00,0x80,0xBF,0x00,0x00,0x80,0xBF,0x00,0x00,0x80,0xBF,
    0x00,0x00,0x80,0xBF,0x00,0x00,0xC0,0xBF,0x00,0x00,0xC0,0xBF,0x00,0x00,0x00,0xC0,
    0x00,0x00,0x00,0xC0,0x00,0x00,0x20,0xC0,0x00,0x00,0x20,0xC0,0x00,0x00,0x40,0xC0,
    0x00,0x00,0x60,0xC0,0x00,0x00,0x60,0xC0,0x00,0x00,0x80,0xC0,0x00,0x00,0x90,0xC0,
    0x00,0x00,0xA0,0xC0,0x00,0x00,0xB0,0xC0,0x00,0x00,0xD0,0xC0,0x00,0x00,0xE0,0xC0,
    0x00,0x00,0x00,0xC1,0x00,0x00,0x08,0xC1,0x00,0x00,0x18,0xC1,0x00,0x00,0x28,0xC1,
    0x00,0x00,0x40,0xC1,0x00,0x00,0x50,0xC1,0x00,0x00,0x68,0xC1,0x00,0x00,0x78,0xC1,
    0x00,0x00,0x8C,0xC1,0x00,0x00,0x98,0xC1,0x00,0x00,0xA4,0xC1,0x00,0x00,0xB4,0xC1,
    0x00,0x00,0xC4,0xC1,0x00,0x00,0xD4,0xC1,0x00,0x00,0xE8,0xC1,0x00,0x00,0xFC,0xC1,
    0x00,0x00,0x08,0xC2,0x00,0x00,0x12,0xC2,0x00,0x00,0x1E,0xC2,0x00,0x00,0x2A,0xC2,
    0x00,0x00,0x36,0xC2,0x00,0x00,0x42,0xC2,0x00,0x00,0x50,0xC2,0x00,0x00,0x5E,0xC2,
    0x00,0x00,0x6A,0xC2,0x00,0x00,0x7A,0xC2,0x00,0x00,0x84,0xC2,0x00,0x00,0x8B,0xC2,
    0x00,0x00,0x93,0xC2,0x00,0x00,0x9A,0xC2,0x00,0x00,0xA1,0xC2,0x00,0x00,0xA9,0xC2,
    0x00,0x00,0xB0,0xC2,0x00,0x00,0xB7,0xC2,0x00,0x00,0xBE,0xC2,0x00,0x00,0xC4,0xC2,
    0x00,0x00,0xCA,0xC2,0x00,0x00,0xD0,0xC2,0x00,0x00,0xD5,0x42,0x00,0x00,0xDA,0x42,
    0x00,0x00,0xDE,0x42,0x00,0x00,0xE1,0x42,0x00,0x00,0xE3,0x42,0x00,0x00,0xE4,0x42,
    0x00,0x00,0xE4,0x42,0x00,0x00,0xE3,0x42,0x00,0x00,0xE0,0x42,0x00,0x00,0xDD,0x42,
    0x00,0x00,0xD7,0x42,0x00,0x00,0xD0,0x42,0x00,0x00,0xC8,0x42,0x00,0x00,0xBD,0x42,
    0x00,0x00,0xB1,0x42,0x00,0x00,0xA3,0x42,0x00,0x00,0x92,0x42,0x00,0x00,0x7E,0x42,
    0x00,0x00,0x54,0x42,0x00,0x00,0x26,0x42,0x00,0x00,0xE4,0x41,0x00,0x00,0x68,0x41,
    0x00,0x00,0x80,0xBF,0x00,0x00,0x90,0xC1,0x00,0x00,0x10,0xC2,0x00,0x00,0x5E,0xC2,
    0x00,0x00,0x99,0xC2,0x00,0x00,0xC5,0xC2,0x00,0x00,0xF4,0xC2,0x00,0x00,0x13,0xC3,
    0x00,0x80,0x2D,0xC3,0x00,0x80,0x48,0xC3,0x00,0x80,0x65,0xC3,0x00,0xC0,0x81,0xC3,
    0x00,0x40,0x91,0xC3,0x00,0x40,0xA1,0xC3,0x00,0xC0,0xB1,0xC3,0x00,0xC0,0xC2,0xC3,
    0x00,0x00,0xD4,0xC3,0x00,0xC0,0xE5,0xC3,0x00,0xC0,0xF7,0xC3,0x00,0x00,0x05,0xC4,
    0x00,0x20,0x0E,0xC4,0x00,0x40,0x17,0xC4,0x00,0x60,0x20,0xC4,0x00,0x80,0x29,0xC4,
    0x00,0x80,0x32,0xC4,0x00,0x40,0x3B,0xC4,0x00,0xE0,0x43,0xC4,0x00,0x40,0x4C,0xC4,
    0x00,0x40,0x54,0xC4,0x00,0xE0,0x5B,0xC4,0x00,0x20,0x63,0xC4,0x00,0xC0,0x69,0xC4,
    0x00,0xE0,0x6F,0xC4,0x00,0x40,0x75,0xC4,0x00,0x20,0x7A,0xC4,0x00,0x00,0x7E,0xC4,
    0x00,0x90,0x80,0xC4,0x00,0xB0,0x81,0xC4,0x00,0x50,0x82,0xC4,0x00,0x70,0x82,0xC4,
    0x00,0x00,0x82,0xC4,0x00,0xF0,0x80,0xC4,0x00,0xA0,0x7E,0x44,0x00,0x00,0x7A,0x44,
    0x00,0x00,0x74,0x44,0x00,0xA0,0x6C,0x44,0x00,0xC0,0x63,0x44,0x00,0x60,0x59,0x44,
    0x00,0x80,0x4D,0x44,0x00,0xE0,0x3F,0x44,0x00,0xC0,0x30,0x44,0x00,0x00,0x20,0x44,
    0x00,0x60,0x0D,0x44,0x00,0x80,0xF2,0x43,0x00,0x80,0xC6,0x43,0x00,0x40,0x97,0x43,
    0x00,0x00,0x49,0x43,0x00,0x00,0xB9,0x42,0x00,0x00,0xB4,0xC1,0x00,0x00,0x10,0xC3,
    0x00,0x40,0x88,0xC3,0x00,0x80,0xCB,0xC3,0x00,0xE0,0x08,0xC4,0x00,0x80,0x2D,0xC4,
    0x00,0x80,0x53,0xC4,0x00,0xC0,0x7A,0xC4,0x00,0xA0,0x91,0xC4,0x00,0x70,0xA6,0xC4,
    0x00,0xC0,0xBB,0xC4,0x00,0x70,0xD1,0xC4,0x00,0x90,0xE7,0xC4,0x00,0xF0,0xFD,0xC4,
    0x00,0x48,0x0A,0xC5,0x00,0xA0,0x15,0xC5,0x00,0x08,0x21,0xC5,0x00,0x68,0x2C,0xC5,
    0x00,0xB8,0x37,0xC5,0x00,0xE8,0x42,0xC5,0x00,0xE8,0x4D,0xC5,0x00,0xB8,0x58,0xC5,
    0x00,0x38,0x63,0xC5,0x00,0x68,0x6D,0xC5,0x00,0x30,0x77,0xC5,0x00,0x44,0x80,0xC5,
    0x00,0xAC,0x84,0xC5,0x00,0xCC,0x88,0xC5,0x00,0x98,0x8C,0xC5,0x00,0x0C,0x90,0xC5,
    0x00,0x20,0x93,0xC5,0x00,0xC4,0x95,0xC5,0x00,0xFC,0x97,0xC5,0x00,0xB8,0x99,0xC5,
    0x00,0xF0,0x9A,0xC5,0x00,0x9C,0x9B,0xC5,0x00,0xB8,0x9B,0xC5,0x00,0x3C,0x9B,0xC5,
    0x00,0x1C,0x9A,0xC5,0x00,0x58,0x98,0xC5,0x00,0xE0,0x95,0xC5,0x00,0xB4,0x92,0xC5,
    0x00,0xCC,0x8E,0xC5,0x00,0x20,0x8A,0xC5,0x00,0xB0,0x84,0xC5,0x00,0xE0,0x7C,0xC5,
    0x00,0xC0,0x6E,0xC5,0x00,0xF0,0x5E,0xC5,0x00,0x70,0x4D,0x45,0x00,0x38,0x3A,0x45,
    0x00,0x40,0x25,0x45,0x00,0x88,0x0E,0x45,0x00,0x00,0xEC,0x44,0x00,0x70,0xB7,0x44,
    0x00,0xA0,0x7E,0x44,0x00,0x40,0x07,0x44,0x00,0x00,0x0C,0x42,0x00,0x80,0xF9,0xC3,
    0x00,0xA0,0x84,0xC4,0x00,0x40,0xCE,0xC4,0x00,0xA8,0x0D,0xC5,0x00,0xD0,0x35,0xC5,
    0x00,0x90,0x5F,0xC5,0x00,0x70,0x85,0xC5,0x00,0xDC,0x9B,0xC5,0x00,0xFC,0xB2,0xC5,
    0x00,0xD0,0xCA,0xC5,0x00,0x50,0xE3,0xC5,0x00,0x6C,0xFC,0xC5,0x00,0x0E,0x0B,0xC6,
    0x00,0x2C,0x18,0xC6,0x00,0x8A,0x25,0xC6,0x00,0x22,0x33,0xC6,0x00,0xEC,0x40,0xC6,
    0x00,0xE4,0x4E,0xC6,0x00,0x02,0x5D,0xC6,0x00,0x40,0x6B,0xC6,0x00,0x96,0x79,0xC6,
    0x00,0xFF,0x83,0xC6,0x00,0x38,0x8B,0xC6,0x00,0x71,0x92,0xC6,0x00,0xA8,0x99,0xC6,
    0x00,0xD8,0xA0,0xC6,0x00,0xFE,0xA7,0xC6,0x00,0x15,0xAF,0xC6,0x00,0x19,0xB6,0xC6,
    0x00,0x06,0xBD,0xC6,0x00,0xD9,0xC3,0xC6,0x00,0x8D,0xCA,0xC6,0x00,0x1E,0xD1,0xC6,
    0x00,0x8A,0xD7,0xC6,0x00,0xCA,0xDD,0xC6,0x00,0xDD,0xE3,0xC6,0x00,0xBE,0xE9,0xC6,
    0x00,0x69,0xEF,0xC6,0x00,0xDC,0xF4,0xC6,0x00,0x13,0xFA,0xC6,0x00,0x0A,0xFF,0xC6,
    0x00,0xDF,0x01,0xC7,0x80,0x16,0x04,0xC7,0x00,0x2A,0x06,0xC7,0x80,0x17,0x08,0xC7,
    0x00,0xDF,0x09,0xC7,0x00,0x7E,0x0B,0xC7,0x80,0xF4,0x0C,0xC7,0x80,0x41,0x0E,0xC7,
    0x80,0x63,0x0F,0xC7,0x00,0x5A,0x10,0xC7,0x80,0x24,0x11,0xC7,0x00,0xC3,0x11,0xC7,
    0x00,0x34,0x12,0xC7,0x00,0x78,0x12,0xC7,0x00,0x8F,0x12,0x47,0x00,0x78,0x12,0x47,
    0x00,0x34,0x12,0x47,0x00,0xC3,0x11,0x47,0x80,0x24,0x11,0x47,0x00,0x5A,0x10,0x47,
    0x80,0x63,0x0F,0x47,0x80,0x41,0x0E,0x47,0x80,0xF4,0x0C,0x47,0x00,0x7E,0x0B,0x47,
    0x00,0xDF,0x09,0x47,0x80,0x17,0x08,0x47,0x00,0x2A,0x06,0x47,0x80,0x16,0x04,0x47,
    0x00,0xDF,0x01,0x47,0x00,0x0A,0xFF,0x46,0x00,0x13,0xFA,0x46,0x00,0xDC,0xF4,0x46,
    0x00,0x69,0xEF,0x46,0x00,0xBE,0xE9,0x46,0x00,0xDD,0xE3,0x46,0x00,0xCA,0xDD,0x46,
    0x00,0x8A,0xD7,0x46,0x00,0x1E,0xD1,0x46,0x00,0x8D,0xCA,0x46,0x00,0xD9,0xC3,0x46,
    0x00,0x06,0xBD,0x46,0x00,0x19,0xB6,0x46,0x00,0x15,0xAF,0x46,0x00,0xFE,0xA7,0x46,
    0x00,0xD8,0xA0,0x46,0x00,0xA8,0x99,0x46,0x00,0x71,0x92,0x46,0x00,0x38,0x8B,0x46,
    0x00,0xFF,0x83,0x46,0x00,0x96,0x79,0x46,0x00,0x40,0x6B,0x46,0x00,0x02,0x5D,0x46,
    0x00,0xE4,0x4E,0x46,0x00,0xEC,0x40,0x46,0x00,0x22,0x33,0x46,0x00,0x8A,0x25,0x46,
    0x00,0x2C,0x18,0x46,0x00,0x0E,0x0B,0x46,0x00,0x6C,0xFC,0x45,0x00,0x50,0xE3,0x45,
    0x00,0xD0,0xCA,0x45,0x00,0xFC,0xB2,0x45,0x00,0xDC,0x9B,0x45,0x00,0x70,0x85,0x45,
    0x00,0x90,0x5F,0x45,0x00,0xD0,0x35,0x45,0x00,0xA8,0x0D,0x45,0x00,0x40,0xCE,0x44,
    0x00,0xA0,0x84,0x44,0x00,0x80,0xF9,0x43,0x00,0x00,0x0C,0xC2,0x00,0x40,0x07,0xC4,
    0x00,0xA0,0x7E,0xC4,0x00,0x70,0xB7,0xC4,0x00,0x00,0xEC,0xC4,0x00,0x88,0x0E,0xC5,
    0x00,0x40,0x25,0xC5,0x00,0x38,0x3A,0xC5,0x00,0x70,0x4D,0x45,0x00,0xF0,0x5E,0x45,
    0x00,0xC0,0x6E,0x45,0x00,0xE0,0x7C,0x45,0x00,0xB0,0x84,0x45,0x00,0x20,0x8A,0x45,
    0x00,0xCC,0x8E,0x45,0x00,0xB4,0x92,0x45,0x00,0xE0,0x95,0x45,0x00,0x58,0x98,0x45,
    0x00,0x1C,0x9A,0x45,0x00,0x3C,0x9B,0x45,0x00,0xB8,0x9B,0x45,0x00,0x9C,0x9B,0x45,
    0x00,0xF0,0x9A,0x45,0x00,0xB8,0x99,0x45,0x00,0xFC,0x97,0x45,0x00,0xC4,0x95,0x45,
    0x00,0x20,0x93,0x45,0x00,0x0C,0x90,0x45,0x00,0x98,0x8C,0x45,0x00,0xCC,0x88,0x45,
    0x00,0xAC,0x84,0x45,0x00,0x44,0x80,0x45,0x00,0x30,0x77,0x45,0x00,0x68,0x6D,0x45,
    0x00,0x38,0x63,0x45,0x00,0xB8,0x58,0x45,0x00,0xE8,0x4D,0x45,0x00,0xE8,0x42,0x45,
    0x00,0xB8,0x37,0x45,0x00,0x68,0x2C,0x45,0x00,0x08,0x21,0x45,0x00,0xA0,0x15,0x45,
    0x00,0x48,0x0A,0x45,0x00,0xF0,0xFD,0x44,0x00,0x90,0xE7,0x44,0x00,0x70,0xD1,0x44,
    0x00,0xC0,0xBB,0x44,0x00,0x70,0xA6,0x44,0x00,0xA0,0x91,0x44,0x00,0xC0,0x7A,0x44,
    0x00,0x80,0x53,0x44,0x00,0x80,0x2D,0x44,0x00,0xE0,0x08,0x44,0x00,0x80,0xCB,0x43,
    0x00,0x40,0x88,0x43,0x00,0x00,0x10,0x43,0x00,0x00,0xB4,0x41,0x00,0x00,0xB9,0xC2,
    0x00,0x00,0x49,0xC3,0x00,0x40,0x97,0xC3,0x00,0x80,0xC6,0xC3,0x00,0x80,0xF2,0xC3,
    0x00,0x60,0x0D,0xC4,0x00,0x00,0x20,0xC4,0x00,0xC0,0x30,0xC4,0x00,0xE0,0x3F,0xC4,
    0x00,0x80,0x4D,0xC4,0x00,0x60,0x59,0xC4,0x00,0xC0,0x63,0xC4,0x00,0xA0,0x6C,0xC4,
    0x00,0x00,0x74,0xC4,0x00,0x00,0x7A,0xC4,0x00,0xA0,0x7E,0x44,0x00,0xF0,0x80,0x44,
    0x00,0x00,0x82,0x44,0x00,0x70,0x82,0x44,0x00,0x50,0x82,0x44,0x00,0xB0,0x81,0x44,
    0x00,0x90,0x80,0x44,0x00,0x00,0x7E,0x44,0x00,0x20,0x7A,0x44,0x00,0x40,0x75,0x44,
    0x00,0xE0,0x6F,0x44,0x00,0xC0,0x69,0x44,0x00,0x20,0x63,0x44,0x00,0xE0,0x5B,0x44,
    0x00,0x40,0x54,0x44,0x00,0x40,0x4C,0x44,0x00,0xE0,0x43,0x44,0x00,0x40,0x3B,0x44,
    0x00,0x80,0x32,0x44,0x00,0x80,0x29,0x44,0x00,0x60,0x20,0x44,0x00,0x40,0x17,0x44,
    0x00,0x20,0x0E,0x44,0x00,0x00,0x05,0x44,0x00,0xC0,0xF7,0x43,0x00,0xC0,0xE5,0x43,
    0x00,0x00,0xD4,0x43,0x00,0xC0,0xC2,0x43,0x00,0xC0,0xB1,0x43,0x00,0x40,0xA1,0x43,
    0x00,0x40,0x91,0x43,0x00,0xC0,0x81,0x43,0x00,0x80,0x65,0x43,0x00,0x80,0x48,0x43,
    0x00,0x80,0x2D,0x43,0x00,0x00,0x13,0x43,0x00,0x00,0xF4,0x42,0x00,0x00,0xC5,0x42,
    0x00,0x00,0x99,0x42,0x00,0x00,0x5E,0x42,0x00,0x00,0x10,0x42,0x00,0x00,0x90,0x41,
    0x00,0x00,0x80,0x3F,0x00,0x00,0x68,0xC1,0x00,0x00,0xE4,0xC1,0x00,0x00,0x26,0xC2,
    0x00,0x00,0x54,0xC2,0x00,0x00,0x7E,0xC2,0x00,0x00,0x92,0xC2,0x00,0x00,0xA3,0xC2,
    0x00,0x00,0xB1,0xC2,0x00,0x00,0xBD,0xC2,0x00,0x00,0xC8,0xC2,0x00,0x00,0xD0,0xC2,
    0x00,0x00,0xD7,0xC2,0x00,0x00,0xDD,0xC2,0x00,0x00,0xE0,0xC2,0x00,0x00,0xE3,0xC2,
    0x00,0x00,0xE4,0xC2,0x00,0x00,0xE4,0xC2,0x00,0x00,0xE3,0xC2,0x00,0x00,0xE1,0xC2,
    0x00,0x00,0xDE,0xC2,0x00,0x00,0xDA,0xC2,0x00,0x00,0xD5,0x42,0x00,0x00,0xD0,0x42,
    0x00,0x00,0xCA,0x42,0x00,0x00,0xC4,0x42,0x00,0x00,0xBE,0x42,0x00,0x00,0xB7,0x42,
    0x00,0x00,0xB0,0x42,0x00,0x00,0xA9,0x42,0x00,0x00,0xA1,0x42,0x00,0x00,0x9A,0x42,
    0x00,0x00,0x93,0x42,0x00,0x00,0x8B,0x42,0x00,0x00,0x84,0x42,0x00,0x00,0x7A,0x42,
    0x00,0x00,0x6A,0x42,0x00,0x00,0x5E,0x42,0x00,0x00,0x50,0x42,0x00,0x00,0x42,0x42,
    0x00,0x00,0x36,0x42,0x00,0x00,0x2A,0x42,0x00,0x00,0x1E,0x42,0x00,0x00,0x12,0x42,
    0x00,0x00,0x08,0x42,0x00,0x00,0xFC,0x41,0x00,0x00,0xE8,0x41,0x00,0x00,0xD4,0x41,
    0x00,0x00,0xC4,0x41,0x00,0x00,0xB4,0x41,0x00,0x00,0xA4,0x41,0x00,0x00,0x98,0x41,
    0x00,0x00,0x8C,0x41,0x00,0x00,0x78,0x41,0x00,0x00,0x68,0x41,0x00,0x00,0x50,0x41,
    0x00,0x00,0x40,0x41,0x00,0x00,0x28,0x41,0x00,0x00,0x18,0x41,0x00,0x00,0x08,0x41,
    0x00,0x00,0x00,0x41,0x00,0x00,0xE0,0x40,0x00,0x00,0xD0,0x40,0x00,0x00,0xB0,0x40,
    0x00,0x00,0xA0,0x40,0x00,0x00,0x90,0x40,0x00,0x00,0x80,0x40,0x00,0x00,0x60,0x40,
    0x00,0x00,0x60,0x40,0x00,0x00,0x40,0x40,0x00,0x00,0x20,0x40,0x00,0x00,0x20,0x40,
    0x00,0x00,0x00,0x40,0x00,0x00,0x00,0x40,0x00,0x00,0xC0,0x3F,0x00,0x00,0xC0,0x3F,
    0x00,0x00,0x80,0x3F,0x00,0x00,0x80,0x3F,0x00,0x00,0x80,0x3F,0x00,0x00,0x80,0x3F,
    0x00,0x00,0x00,0x3F,0x00,0x00,0x00,0x3F,0x00,0x00,0x00,0x3F,0x00,0x00,0x00,0x3F,
    0x00,0x00,0x00,0x3F,0x00,0x00,0x00,0x3F,0x44,0x44,0x34,0x34,0x34,0x34,0x34,0x34,
    0x34,0x34,0x34,0x34,0x00,0x00,0x00,0x00,0x00,0x00,0x00,0x00,0x00,0x00,0x00,0x00,
    0x00,0x00,0x00,0x00,0x00,0x00,0x00,0x00,0x43,0x43,0x43,0x42,0x42,0x42,0x42,0x42,
    0x42,0x42,0x42,0x31,0x31,0x31,0x31,0x31,0x31,0x31,0x31,0x31,0x31,0x31,0x31,0x20,
    0x20,0x20,0x20,0x20,0x20,0x20,0x00,0x00,0x45,0x45,0x45,0x45,0x34,0x34,0x34,0x34,
    0x34,0x34,0x34,0x24,0x24,0x24,0x24,0x24,0x24,0x24,0x24,0x24,0x24,0x24,0x24,0x24,
    0x24,0x24,0x24,0x24,0x24,0x24,0x00,0x00,0x00,0x01,0x02,0x11,0x00,0x00,0x00,0x00,
    0x00,0x00,0x00,0x00,0x00,0x00,0x00,0x00,0x00,0x01,0x02,0x03,0x04,0x05,0x06,0x11,
    0x00,0x00,0x00,0x00,0x00,0x00,0x00,0x00,0x00,0x01,0x02,0x03,0x04,0x05,0x06,0x07,
    0x08,0x09,0x0A,0x0B,0x0C,0x0D,0x0E,0x11,0x00,0x01,0x03,0x05,0x06,0x07,0x08,0x09,
    0x0A,0x0B,0x0C,0x0D,0x0E,0x0F,0x10,0x11,0x00,0x01,0x02,0x04,0x05,0x06,0x07,0x08,
    0x09,0x0A,0x0B,0x0C,0x0D,0x0E,0x0F,0x11,0x00,0x01,0x02,0x03,0x04,0x05,0x06,0x07,
    0x08,0x09,0x0A,0x0B,0x0C,0x0D,0x0E,0x0F,0x03,0x00,0x01,0x05,0x05,0x00,0x01,0x07,
    0x07,0x00,0x00,0x03,0x09,0x00,0x01,0x0A,0x0F,0x00,0x00,0x04,0x1F,0x00,0x00,0x05,
    0x3F,0x00,0x00,0x06,0x7F,0x00,0x00,0x07,0xFF,0x00,0x00,0x08,0xFF,0x01,0x00,0x09,
    0xFF,0x03,0x00,0x0A,0xFF,0x07,0x00,0x0B,0xFF,0x0F,0x00,0x0C,0xFF,0x1F,0x00,0x0D,
    0xFF,0x3F,0x00,0x0E,0xFF,0x7F,0x00,0x0F,0xFF,0xFF,0x00,0x10,0x00,0x00,0x00,0x02,
    0xEA,0x5F,0x96,0x01,0x30,0x8A,0x42,0x01,0x08,0x08,0x0C,0x5B,0x5B,0x5B,0x5E,0x5B,
    0x5E,0x00,0x00,0x00,0x00,0x00,0x00,0x00,0x00,0x00,0x01,0x01,0x01,0x02,0x02,0x02,
    0x02,0x02,0x02,0x02,0x02,0x02,0x00,0x00,0x00,0x00,0x00,0x00,0x00,0x00,0x01,0x01,
    0x01,0x02,0x02,0x02,0x02,0x02,0x00,0x00,0x02,0x00,0x00,0x00,0x04,0x00,0x00,0x00,
    0x00,0x00,0x00,0x00,0x00,0x00,0x01,0x00,0x00,0x00,0x02,0x00,0x06,0x00,0x00,0x00,
    0x00,0x00,0x03,0x00,0x08,0x00,0x00,0x00,0x00,0x00,0x04,0x00,0x0A,0x00,0x00,0x00,
    0x00,0x00,0x05,0x00,0x0C,0x00,0x00,0x00,0x00,0x00,0x06,0x00,0x0E,0x00,0x00,0x00,
    0x00,0x00,0x07,0x00,0x10,0x00,0x00,0x00,0x00,0x00,0x08,0x00,0xFF,0xFF,0x00,0x00,
    0x02,0x00,0x00,0x00,0x04,0x00,0x00,0x00,0x00,0x00,0x01,0x00,0x00,0x00,0x02,0x00,
    0x06,0x00,0x00,0x00,0x08,0x00,0x00,0x00,0x00,0x00,0x00,0x00,0x00,0x00,0x03,0x00,
    0x00,0x00,0x04,0x00,0x0A,0x00,0x00,0x00,0x00,0x00,0x05,0x00,0x0C,0x00,0x00,0x00,
    0x00,0x00,0x06,0x00,0x0E,0x00,0x00,0x00,0x00,0x00,0x07,0x00,0x10,0x00,0x00,0x00,
    0x00,0x00,0x08,0x00,0xFF,0xFF,0x00,0x00,0x02,0x00,0x00,0x00,0x04,0x00,0x00,0x00,
    0x06,0x00,0x00,0x00,0x08,0x00,0x00,0x00,0x00,0x00,0x0C,0x00,0x00,0x00,0x0E,0x00,
    0x0A,0x00,0x00,0x00,0x0C,0x00,0x00,0x00,0x00,0x00,0x04,0x00,0x00,0x00,0x06,0x00,
    0x0E,0x00,0x00,0x00,0x10,0x00,0x00,0x00,0x00,0x00,0x08,0x00,0x00,0x00,0x0A,0x00,
    0x12,0x00,0x00,0x00,0x14,0x00,0x00,0x00,0x00,0x00,0x1E,0x00,0x00,0x00,0x01,0x00,
    0xFF,0xFF,0x00,0x00,0x00,0x00,0x11,0x00,0x00,0x00,0x16,0x00,0x00,0x00,0x1A,0x00,
    0x02,0x00,0x00,0x00,0x00,0x00,0x0A,0x00,0x04,0x00,0x00,0x00,0x00,0x00,0x02,0x00,
    0x06,0x00,0x00,0x00,0x00,0x00,0x08,0x00,0x08,0x00,0x00,0x00,0x0A,0x00,0x00,0x00,
    0x0C,0x00,0x00,0x00,0x00,0x00,0x12,0x00,0x00,0x00,0x1A,0x00,0x00,0x00,0x01,0x00,
    0xFF,0xFF,0x00,0x00,0x00,0x00,0x11,0x00,0x02,0x00,0x00,0x00,0x00,0x00,0x01,0x00,
    0xFF,0xFF,0x00,0x00,0x00,0x00,0x11,0x00,0x00,0x00,0x80,0x04,
};
static const ULONG embedded_blob_stream_diag15_size = 35820UL;
